platform,address,zone_type,restaurant,product_name,product_price,delivery_fee,service_fee,estimated_time_min,active_promo,availability,scraped_at,source_url,search_url
rappi,"Presidente Masaryk 61, Polanco, CDMX",high,McDonald's,Big Mac,101.96,31,10,28,,available,2026-04-17T20:00:00Z,https://www.rappi.com.mx,https://www.rappi.com.mx/search?query=McDonald%27s
rappi,"Presidente Masaryk 61, Polanco, CDMX",high,McDonald's,Combo Big Mac,154.96,31,11,28,15% off,available,2026-04-17T20:00:00Z,https://www.rappi.com.mx,https://www.rappi.com.mx/search?query=McDonald%27s
rappi,"Presidente Masaryk 61, Polanco, CDMX",high,Burger King,Whopper,114.36,31,10,28,15% off,available,2026-04-17T20:00:00Z,https://www.rappi.com.mx,https://www.rappi.com.mx/search?query=Burger%20King
rappi,"Presidente Masaryk 61, Polanco, CDMX",high,Burger King,Combo Whopper,167.36,31,11,28,,available,2026-04-17T20:00:00Z,https://www.rappi.com.mx,https://www.rappi.com.mx/search?query=Burger%20King
ubereats,"Presidente Masaryk 61, Polanco, CDMX",high,McDonald's,Big Mac,104.02,25,9,25,,available,2026-04-17T20:00:00Z,https://www.ubereats.com/mx,https://www.ubereats.com/mx/search?pl=eyJhZGRyZXNzIjoiUHJlc2lkZW50ZSBNYXNhcnlrIDYxLCBQb2xhbmNvLCBDRE1YIiwicmVmZXJlbmNlIjoic2FtcGxlX3JlZmVyZW5jZSIsInJlZmVyZW5jZVR5cGUiOiJnb29nbGVfcGxhY2VzIiwibGF0aXR1ZGUiOjE5LjQzMjYwOCwibG9uZ2l0dWRlIjotOTkuMTMzMjA5fQ%3D%3D&q=McDonald%27s&sc=SEARCH_BAR&searchType=GLOBAL_SEARCH&vertical=ALL
ubereats,"Presidente Masaryk 61, Polanco, CDMX",high,McDonald's,Combo Big Mac,158.06,25,10,25,20% off,available,2026-04-17T20:00:00Z,https://www.ubereats.com/mx,https://www.ubereats.com/mx/search?pl=eyJhZGRyZXNzIjoiUHJlc2lkZW50ZSBNYXNhcnlrIDYxLCBQb2xhbmNvLCBDRE1YIiwicmVmZXJlbmNlIjoic2FtcGxlX3JlZmVyZW5jZSIsInJlZmVyZW5jZVR5cGUiOiJnb29nbGVfcGxhY2VzIiwibGF0aXR1ZGUiOjE5LjQzMjYwOCwibG9uZ2l0dWRlIjotOTkuMTMzMjA5fQ%3D%3D&q=McDonald%27s&sc=SEARCH_BAR&searchType=GLOBAL_SEARCH&vertical=ALL
ubereats,"Presidente Masaryk 61, Polanco, CDMX",high,Burger King,Whopper,116.63,25,9,25,20% off,available,2026-04-17T20:00:00Z,https://www.ubereats.com/mx,https://www.ubereats.com/mx/search?pl=eyJhZGRyZXNzIjoiUHJlc2lkZW50ZSBNYXNhcnlrIDYxLCBQb2xhbmNvLCBDRE1YIiwicmVmZXJlbmNlIjoic2FtcGxlX3JlZmVyZW5jZSIsInJlZmVyZW5jZVR5cGUiOiJnb29nbGVfcGxhY2VzIiwibGF0aXR1ZGUiOjE5LjQzMjYwOCwibG9uZ2l0dWRlIjotOTkuMTMzMjA5fQ%3D%3D&q=Burger+King&sc=SEARCH_BAR&searchType=GLOBAL_SEARCH&vertical=ALL
ubereats,"Presidente Masaryk 61, Polanco, CDMX",high,Burger King,Combo Whopper,170.67,25,10,25,,available,2026-04-17T20:00:00Z,https://www.ubereats.com/mx,https://www.ubereats.com/mx/search?pl=eyJhZGRyZXNzIjoiUHJlc2lkZW50ZSBNYXNhcnlrIDYxLCBQb2xhbmNvLCBDRE1YIiwicmVmZXJlbmNlIjoic2FtcGxlX3JlZmVyZW5jZSIsInJlZmVyZW5jZVR5cGUiOiJnb29nbGVfcGxhY2VzIiwibGF0aXR1ZGUiOjE5LjQzMjYwOCwibG9uZ2l0dWRlIjotOTkuMTMzMjA5fQ%3D%3D&q=Burger+King&sc=SEARCH_BAR&searchType=GLOBAL_SEARCH&vertical=ALL
didi,"Presidente Masaryk 61, Polanco, CDMX",high,McDonald's,Big Mac,99.9,28,7,27,,available,2026-04-17T20:00:00Z,https://web.didiglobal.com/mx/food/,https://web.didiglobal.com/mx/food/
didi,"Presidente Masaryk 61, Polanco, CDMX",high,McDonald's,Combo Big Mac,151.86,28,8,27,free delivery,available,2026-04-17T20:00:00Z,https://web.didiglobal.com/mx/food/,https://web.didiglobal.com/mx/food/
didi,"Presidente Masaryk 61, Polanco, CDMX",high,Burger King,Whopper,112.09,28,7,27,free delivery,available,2026-04-17T20:00:00Z,https://web.didiglobal.com/mx/food/,https://web.didiglobal.com/mx/food/
didi,"Presidente Masaryk 61, Polanco, CDMX",high,Burger King,Combo Whopper,164.05,28,8,27,,available,2026-04-17T20:00:00Z,https://web.didiglobal.com/mx/food/,https://web.didiglobal.com/mx/food/
rappi,"Moliere 222, Polanco, CDMX",high,McDonald's,Big Mac,102.96,32,10,29,15% off,available,2026-04-17T20:00:00Z,https://www.rappi.com.mx,https://www.rappi.com.mx/search?query=McDonald%27s
rappi,"Moliere 222, Polanco, CDMX",high,McDonald's,Combo Big Mac,155.96,32,11,29,15% off,available,2026-04-17T20:00:00Z,https://www.rappi.com.mx,https://www.rappi.com.mx/search?query=McDonald%27s
rappi,"Moliere 222, Polanco, CDMX",high,Burger King,Whopper,115.36,32,10,29,,available,2026-04-17T20:00:00Z,https://www.rappi.com.mx,https://www.rappi.com.mx/search?query=Burger%20King
rappi,"Moliere 222, Polanco, CDMX",high,Burger King,Combo Whopper,164.36,32,11,29,15% off,available,2026-04-17T20:00:00Z,https://www.rappi.com.mx,https://www.rappi.com.mx/search?query=Burger%20King
ubereats,"Moliere 222, Polanco, CDMX",high,McDonald's,Big Mac,105.02,26,9,26,20% off,available,2026-04-17T20:00:00Z,https://www.ubereats.com/mx,https://www.ubereats.com/mx/search?pl=eyJhZGRyZXNzIjoiTW9saWVyZSAyMjIsIFBvbGFuY28sIENETVgiLCJyZWZlcmVuY2UiOiJzYW1wbGVfcmVmZXJlbmNlIiwicmVmZXJlbmNlVHlwZSI6Imdvb2dsZV9wbGFjZXMiLCJsYXRpdHVkZSI6MTkuNDMyNjA4LCJsb25naXR1ZGUiOi05OS4xMzMyMDl9&q=McDonald%27s&sc=SEARCH_BAR&searchType=GLOBAL_SEARCH&vertical=ALL
ubereats,"Moliere 222, Polanco, CDMX",high,McDonald's,Combo Big Mac,159.06,26,10,26,20% off,available,2026-04-17T20:00:00Z,https://www.ubereats.com/mx,https://www.ubereats.com/mx/search?pl=eyJhZGRyZXNzIjoiTW9saWVyZSAyMjIsIFBvbGFuY28sIENETVgiLCJyZWZlcmVuY2UiOiJzYW1wbGVfcmVmZXJlbmNlIiwicmVmZXJlbmNlVHlwZSI6Imdvb2dsZV9wbGFjZXMiLCJsYXRpdHVkZSI6MTkuNDMyNjA4LCJsb25naXR1ZGUiOi05OS4xMzMyMDl9&q=McDonald%27s&sc=SEARCH_BAR&searchType=GLOBAL_SEARCH&vertical=ALL
ubereats,"Moliere 222, Polanco, CDMX",high,Burger King,Whopper,117.63,26,9,26,,available,2026-04-17T20:00:00Z,https://www.ubereats.com/mx,https://www.ubereats.com/mx/search?pl=eyJhZGRyZXNzIjoiTW9saWVyZSAyMjIsIFBvbGFuY28sIENETVgiLCJyZWZlcmVuY2UiOiJzYW1wbGVfcmVmZXJlbmNlIiwicmVmZXJlbmNlVHlwZSI6Imdvb2dsZV9wbGFjZXMiLCJsYXRpdHVkZSI6MTkuNDMyNjA4LCJsb25naXR1ZGUiOi05OS4xMzMyMDl9&q=Burger+King&sc=SEARCH_BAR&searchType=GLOBAL_SEARCH&vertical=ALL
ubereats,"Moliere 222, Polanco, CDMX",high,Burger King,Combo Whopper,167.67,26,10,26,20% off,available,2026-04-17T20:00:00Z,https://www.ubereats.com/mx,https://www.ubereats.com/mx/search?pl=eyJhZGRyZXNzIjoiTW9saWVyZSAyMjIsIFBvbGFuY28sIENETVgiLCJyZWZlcmVuY2UiOiJzYW1wbGVfcmVmZXJlbmNlIiwicmVmZXJlbmNlVHlwZSI6Imdvb2dsZV9wbGFjZXMiLCJsYXRpdHVkZSI6MTkuNDMyNjA4LCJsb25naXR1ZGUiOi05OS4xMzMyMDl9&q=Burger+King&sc=SEARCH_BAR&searchType=GLOBAL_SEARCH&vertical=ALL
didi,"Moliere 222, Polanco, CDMX",high,McDonald's,Big Mac,100.9,29,7,28,free delivery,available,2026-04-17T20:00:00Z,https://web.didiglobal.com/mx/food/,https://web.didiglobal.com/mx/food/
didi,"Moliere 222, Polanco, CDMX",high,McDonald's,Combo Big Mac,152.86,29,8,28,free delivery,available,2026-04-17T20:00:00Z,https://web.didiglobal.com/mx/food/,https://web.didiglobal.com/mx/food/
didi,"Moliere 222, Polanco, CDMX",high,Burger King,Whopper,113.09,29,7,28,,available,2026-04-17T20:00:00Z,https://web.didiglobal.com/mx/food/,https://web.didiglobal.com/mx/food/
didi,"Moliere 222, Polanco, CDMX",high,Burger King,Combo Whopper,161.05,29,8,28,free delivery,available,2026-04-17T20:00:00Z,https://web.didiglobal.com/mx/food/,https://web.didiglobal.com/mx/food/
rappi,"Av. Santa Fe 495, Cuajimalpa, CDMX",high,McDonald's,Big Mac,103.96,33,10,30,15% off,available,2026-04-17T20:00:00Z,https://www.rappi.com.mx,https://www.rappi.com.mx/search?query=McDonald%27s
rappi,"Av. Santa Fe 495, Cuajimalpa, CDMX",high,McDonald's,Combo Big Mac,156.96,33,11,30,,available,2026-04-17T20:00:00Z,https://www.rappi.com.mx,https://www.rappi.com.mx/search?query=McDonald%27s
rappi,"Av. Santa Fe 495, Cuajimalpa, CDMX",high,Burger King,Whopper,112.36,33,10,30,15% off,available,2026-04-17T20:00:00Z,https://www.rappi.com.mx,https://www.rappi.com.mx/search?query=Burger%20King
rappi,"Av. Santa Fe 495, Cuajimalpa, CDMX",high,Burger King,Combo Whopper,165.36,33,11,30,15% off,available,2026-04-17T20:00:00Z,https://www.rappi.com.mx,https://www.rappi.com.mx/search?query=Burger%20King
ubereats,"Av. Santa Fe 495, Cuajimalpa, CDMX",high,McDonald's,Big Mac,106.02,27,9,27,20% off,available,2026-04-17T20:00:00Z,https://www.ubereats.com/mx,https://www.ubereats.com/mx/search?pl=eyJhZGRyZXNzIjoiQXYuIFNhbnRhIEZlIDQ5NSwgQ3VhamltYWxwYSwgQ0RNWCIsInJlZmVyZW5jZSI6InNhbXBsZV9yZWZlcmVuY2UiLCJyZWZlcmVuY2VUeXBlIjoiZ29vZ2xlX3BsYWNlcyIsImxhdGl0dWRlIjoxOS40MzI2MDgsImxvbmdpdHVkZSI6LTk5LjEzMzIwOX0%3D&q=McDonald%27s&sc=SEARCH_BAR&searchType=GLOBAL_SEARCH&vertical=ALL
ubereats,"Av. Santa Fe 495, Cuajimalpa, CDMX",high,McDonald's,Combo Big Mac,160.06,27,10,27,,available,2026-04-17T20:00:00Z,https://www.ubereats.com/mx,https://www.ubereats.com/mx/search?pl=eyJhZGRyZXNzIjoiQXYuIFNhbnRhIEZlIDQ5NSwgQ3VhamltYWxwYSwgQ0RNWCIsInJlZmVyZW5jZSI6InNhbXBsZV9yZWZlcmVuY2UiLCJyZWZlcmVuY2VUeXBlIjoiZ29vZ2xlX3BsYWNlcyIsImxhdGl0dWRlIjoxOS40MzI2MDgsImxvbmdpdHVkZSI6LTk5LjEzMzIwOX0%3D&q=McDonald%27s&sc=SEARCH_BAR&searchType=GLOBAL_SEARCH&vertical=ALL
ubereats,"Av. Santa Fe 495, Cuajimalpa, CDMX",high,Burger King,Whopper,114.63,27,9,27,20% off,available,2026-04-17T20:00:00Z,https://www.ubereats.com/mx,https://www.ubereats.com/mx/search?pl=eyJhZGRyZXNzIjoiQXYuIFNhbnRhIEZlIDQ5NSwgQ3VhamltYWxwYSwgQ0RNWCIsInJlZmVyZW5jZSI6InNhbXBsZV9yZWZlcmVuY2UiLCJyZWZlcmVuY2VUeXBlIjoiZ29vZ2xlX3BsYWNlcyIsImxhdGl0dWRlIjoxOS40MzI2MDgsImxvbmdpdHVkZSI6LTk5LjEzMzIwOX0%3D&q=Burger+King&sc=SEARCH_BAR&searchType=GLOBAL_SEARCH&vertical=ALL
ubereats,"Av. Santa Fe 495, Cuajimalpa, CDMX",high,Burger King,Combo Whopper,168.67,27,10,27,20% off,available,2026-04-17T20:00:00Z,https://www.ubereats.com/mx,https://www.ubereats.com/mx/search?pl=eyJhZGRyZXNzIjoiQXYuIFNhbnRhIEZlIDQ5NSwgQ3VhamltYWxwYSwgQ0RNWCIsInJlZmVyZW5jZSI6InNhbXBsZV9yZWZlcmVuY2UiLCJyZWZlcmVuY2VUeXBlIjoiZ29vZ2xlX3BsYWNlcyIsImxhdGl0dWRlIjoxOS40MzI2MDgsImxvbmdpdHVkZSI6LTk5LjEzMzIwOX0%3D&q=Burger+King&sc=SEARCH_BAR&searchType=GLOBAL_SEARCH&vertical=ALL
didi,"Av. Santa Fe 495, Cuajimalpa, CDMX",high,McDonald's,Big Mac,101.9,30,7,29,free delivery,available,2026-04-17T20:00:00Z,https://web.didiglobal.com/mx/food/,https://web.didiglobal.com/mx/food/
didi,"Av. Santa Fe 495, Cuajimalpa, CDMX",high,McDonald's,Combo Big Mac,153.86,30,8,29,,available,2026-04-17T20:00:00Z,https://web.didiglobal.com/mx/food/,https://web.didiglobal.com/mx/food/
didi,"Av. Santa Fe 495, Cuajimalpa, CDMX",high,Burger King,Whopper,110.09,30,7,29,free delivery,available,2026-04-17T20:00:00Z,https://web.didiglobal.com/mx/food/,https://web.didiglobal.com/mx/food/
didi,"Av. Santa Fe 495, Cuajimalpa, CDMX",high,Burger King,Combo Whopper,162.05,30,8,29,free delivery,available,2026-04-17T20:00:00Z,https://web.didiglobal.com/mx/food/,https://web.didiglobal.com/mx/food/
rappi,"Emilio Castelar 95, Polanco, CDMX",high,McDonald's,Big Mac,104.96,31,10,31,,available,2026-04-17T20:00:00Z,https://www.rappi.com.mx,https://www.rappi.com.mx/search?query=McDonald%27s
rappi,"Emilio Castelar 95, Polanco, CDMX",high,McDonald's,Combo Big Mac,153.96,31,11,31,15% off,available,2026-04-17T20:00:00Z,https://www.rappi.com.mx,https://www.rappi.com.mx/search?query=McDonald%27s
rappi,"Emilio Castelar 95, Polanco, CDMX",high,Burger King,Whopper,113.36,31,10,31,15% off,available,2026-04-17T20:00:00Z,https://www.rappi.com.mx,https://www.rappi.com.mx/search?query=Burger%20King
rappi,"Emilio Castelar 95, Polanco, CDMX",high,Burger King,Combo Whopper,166.36,31,11,31,,available,2026-04-17T20:00:00Z,https://www.rappi.com.mx,https://www.rappi.com.mx/search?query=Burger%20King
ubereats,"Emilio Castelar 95, Polanco, CDMX",high,McDonald's,Big Mac,107.02,25,9,28,,available,2026-04-17T20:00:00Z,https://www.ubereats.com/mx,https://www.ubereats.com/mx/search?pl=eyJhZGRyZXNzIjoiRW1pbGlvIENhc3RlbGFyIDk1LCBQb2xhbmNvLCBDRE1YIiwicmVmZXJlbmNlIjoic2FtcGxlX3JlZmVyZW5jZSIsInJlZmVyZW5jZVR5cGUiOiJnb29nbGVfcGxhY2VzIiwibGF0aXR1ZGUiOjE5LjQzMjYwOCwibG9uZ2l0dWRlIjotOTkuMTMzMjA5fQ%3D%3D&q=McDonald%27s&sc=SEARCH_BAR&searchType=GLOBAL_SEARCH&vertical=ALL
ubereats,"Emilio Castelar 95, Polanco, CDMX",high,McDonald's,Combo Big Mac,157.06,25,10,28,20% off,available,2026-04-17T20:00:00Z,https://www.ubereats.com/mx,https://www.ubereats.com/mx/search?pl=eyJhZGRyZXNzIjoiRW1pbGlvIENhc3RlbGFyIDk1LCBQb2xhbmNvLCBDRE1YIiwicmVmZXJlbmNlIjoic2FtcGxlX3JlZmVyZW5jZSIsInJlZmVyZW5jZVR5cGUiOiJnb29nbGVfcGxhY2VzIiwibGF0aXR1ZGUiOjE5LjQzMjYwOCwibG9uZ2l0dWRlIjotOTkuMTMzMjA5fQ%3D%3D&q=McDonald%27s&sc=SEARCH_BAR&searchType=GLOBAL_SEARCH&vertical=ALL
ubereats,"Emilio Castelar 95, Polanco, CDMX",high,Burger King,Whopper,115.63,25,9,28,20% off,available,2026-04-17T20:00:00Z,https://www.ubereats.com/mx,https://www.ubereats.com/mx/search?pl=eyJhZGRyZXNzIjoiRW1pbGlvIENhc3RlbGFyIDk1LCBQb2xhbmNvLCBDRE1YIiwicmVmZXJlbmNlIjoic2FtcGxlX3JlZmVyZW5jZSIsInJlZmVyZW5jZVR5cGUiOiJnb29nbGVfcGxhY2VzIiwibGF0aXR1ZGUiOjE5LjQzMjYwOCwibG9uZ2l0dWRlIjotOTkuMTMzMjA5fQ%3D%3D&q=Burger+King&sc=SEARCH_BAR&searchType=GLOBAL_SEARCH&vertical=ALL
ubereats,"Emilio Castelar 95, Polanco, CDMX",high,Burger King,Combo Whopper,169.67,25,10,28,,available,2026-04-17T20:00:00Z,https://www.ubereats.com/mx,https://www.ubereats.com/mx/search?pl=eyJhZGRyZXNzIjoiRW1pbGlvIENhc3RlbGFyIDk1LCBQb2xhbmNvLCBDRE1YIiwicmVmZXJlbmNlIjoic2FtcGxlX3JlZmVyZW5jZSIsInJlZmVyZW5jZVR5cGUiOiJnb29nbGVfcGxhY2VzIiwibGF0aXR1ZGUiOjE5LjQzMjYwOCwibG9uZ2l0dWRlIjotOTkuMTMzMjA5fQ%3D%3D&q=Burger+King&sc=SEARCH_BAR&searchType=GLOBAL_SEARCH&vertical=ALL
didi,"Emilio Castelar 95, Polanco, CDMX",high,McDonald's,Big Mac,102.9,28,7,30,,available,2026-04-17T20:00:00Z,https://web.didiglobal.com/mx/food/,https://web.didiglobal.com/mx/food/
didi,"Emilio Castelar 95, Polanco, CDMX",high,McDonald's,Combo Big Mac,150.86,28,8,30,free delivery,available,2026-04-17T20:00:00Z,https://web.didiglobal.com/mx/food/,https://web.didiglobal.com/mx/food/
didi,"Emilio Castelar 95, Polanco, CDMX",high,Burger King,Whopper,111.09,28,7,30,free delivery,available,2026-04-17T20:00:00Z,https://web.didiglobal.com/mx/food/,https://web.didiglobal.com/mx/food/
didi,"Emilio Castelar 95, Polanco, CDMX",high,Burger King,Combo Whopper,163.05,28,8,30,,available,2026-04-17T20:00:00Z,https://web.didiglobal.com/mx/food/,https://web.didiglobal.com/mx/food/
rappi,"Av. Insurgentes Sur 664, Del Valle, CDMX",high,McDonald's,Big Mac,101.96,32,10,32,15% off,available,2026-04-17T20:00:00Z,https://www.rappi.com.mx,https://www.rappi.com.mx/search?query=McDonald%27s
rappi,"Av. Insurgentes Sur 664, Del Valle, CDMX",high,McDonald's,Combo Big Mac,154.96,32,11,32,15% off,available,2026-04-17T20:00:00Z,https://www.rappi.com.mx,https://www.rappi.com.mx/search?query=McDonald%27s
rappi,"Av. Insurgentes Sur 664, Del Valle, CDMX",high,Burger King,Whopper,114.36,32,10,32,,available,2026-04-17T20:00:00Z,https://www.rappi.com.mx,https://www.rappi.com.mx/search?query=Burger%20King
rappi,"Av. Insurgentes Sur 664, Del Valle, CDMX",high,Burger King,Combo Whopper,167.36,32,11,32,15% off,available,2026-04-17T20:00:00Z,https://www.rappi.com.mx,https://www.rappi.com.mx/search?query=Burger%20King
ubereats,"Av. Insurgentes Sur 664, Del Valle, CDMX",high,McDonald's,Big Mac,104.02,26,9,29,20% off,available,2026-04-17T20:00:00Z,https://www.ubereats.com/mx,https://www.ubereats.com/mx/search?pl=eyJhZGRyZXNzIjoiQXYuIEluc3VyZ2VudGVzIFN1ciA2NjQsIERlbCBWYWxsZSwgQ0RNWCIsInJlZmVyZW5jZSI6InNhbXBsZV9yZWZlcmVuY2UiLCJyZWZlcmVuY2VUeXBlIjoiZ29vZ2xlX3BsYWNlcyIsImxhdGl0dWRlIjoxOS40MzI2MDgsImxvbmdpdHVkZSI6LTk5LjEzMzIwOX0%3D&q=McDonald%27s&sc=SEARCH_BAR&searchType=GLOBAL_SEARCH&vertical=ALL
ubereats,"Av. Insurgentes Sur 664, Del Valle, CDMX",high,McDonald's,Combo Big Mac,158.06,26,10,29,20% off,available,2026-04-17T20:00:00Z,https://www.ubereats.com/mx,https://www.ubereats.com/mx/search?pl=eyJhZGRyZXNzIjoiQXYuIEluc3VyZ2VudGVzIFN1ciA2NjQsIERlbCBWYWxsZSwgQ0RNWCIsInJlZmVyZW5jZSI6InNhbXBsZV9yZWZlcmVuY2UiLCJyZWZlcmVuY2VUeXBlIjoiZ29vZ2xlX3BsYWNlcyIsImxhdGl0dWRlIjoxOS40MzI2MDgsImxvbmdpdHVkZSI6LTk5LjEzMzIwOX0%3D&q=McDonald%27s&sc=SEARCH_BAR&searchType=GLOBAL_SEARCH&vertical=ALL
ubereats,"Av. Insurgentes Sur 664, Del Valle, CDMX",high,Burger King,Whopper,116.63,26,9,29,,available,2026-04-17T20:00:00Z,https://www.ubereats.com/mx,https://www.ubereats.com/mx/search?pl=eyJhZGRyZXNzIjoiQXYuIEluc3VyZ2VudGVzIFN1ciA2NjQsIERlbCBWYWxsZSwgQ0RNWCIsInJlZmVyZW5jZSI6InNhbXBsZV9yZWZlcmVuY2UiLCJyZWZlcmVuY2VUeXBlIjoiZ29vZ2xlX3BsYWNlcyIsImxhdGl0dWRlIjoxOS40MzI2MDgsImxvbmdpdHVkZSI6LTk5LjEzMzIwOX0%3D&q=Burger+King&sc=SEARCH_BAR&searchType=GLOBAL_SEARCH&vertical=ALL
ubereats,"Av. Insurgentes Sur 664, Del Valle, CDMX",high,Burger King,Combo Whopper,170.67,26,10,29,20% off,available,2026-04-17T20:00:00Z,https://www.ubereats.com/mx,https://www.ubereats.com/mx/search?pl=eyJhZGRyZXNzIjoiQXYuIEluc3VyZ2VudGVzIFN1ciA2NjQsIERlbCBWYWxsZSwgQ0RNWCIsInJlZmVyZW5jZSI6InNhbXBsZV9yZWZlcmVuY2UiLCJyZWZlcmVuY2VUeXBlIjoiZ29vZ2xlX3BsYWNlcyIsImxhdGl0dWRlIjoxOS40MzI2MDgsImxvbmdpdHVkZSI6LTk5LjEzMzIwOX0%3D&q=Burger+King&sc=SEARCH_BAR&searchType=GLOBAL_SEARCH&vertical=ALL
didi,"Av. Insurgentes Sur 664, Del Valle, CDMX",high,McDonald's,Big Mac,99.9,29,7,31,free delivery,available,2026-04-17T20:00:00Z,https://web.didiglobal.com/mx/food/,https://web.didiglobal.com/mx/food/
didi,"Av. Insurgentes Sur 664, Del Valle, CDMX",high,McDonald's,Combo Big Mac,151.86,29,8,31,free delivery,available,2026-04-17T20:00:00Z,https://web.didiglobal.com/mx/food/,https://web.didiglobal.com/mx/food/
didi,"Av. Insurgentes Sur 664, Del Valle, CDMX",high,Burger King,Whopper,112.09,29,7,31,,available,2026-04-17T20:00:00Z,https://web.didiglobal.com/mx/food/,https://web.didiglobal.com/mx/food/
didi,"Av. Insurgentes Sur 664, Del Valle, CDMX",high,Burger King,Combo Whopper,164.05,29,8,31,free delivery,available,2026-04-17T20:00:00Z,https://web.didiglobal.com/mx/food/,https://web.didiglobal.com/mx/food/
rappi,"Av. Alvaro Obregon 110, Roma Norte, CDMX",mid,McDonald's,Big Mac,99.0,37,10,31,15% off,available,2026-04-17T20:00:00Z,https://www.rappi.com.mx,https://www.rappi.com.mx/search?query=McDonald%27s
rappi,"Av. Alvaro Obregon 110, Roma Norte, CDMX",mid,McDonald's,Combo Big Mac,150.0,37,11,31,,available,2026-04-17T20:00:00Z,https://www.rappi.com.mx,https://www.rappi.com.mx/search?query=McDonald%27s
rappi,"Av. Alvaro Obregon 110, Roma Norte, CDMX",mid,Burger King,Whopper,111.0,37,10,31,15% off,available,2026-04-17T20:00:00Z,https://www.rappi.com.mx,https://www.rappi.com.mx/search?query=Burger%20King
rappi,"Av. Alvaro Obregon 110, Roma Norte, CDMX",mid,Burger King,Combo Whopper,158.0,37,11,31,15% off,available,2026-04-17T20:00:00Z,https://www.rappi.com.mx,https://www.rappi.com.mx/search?query=Burger%20King
ubereats,"Av. Alvaro Obregon 110, Roma Norte, CDMX",mid,McDonald's,Big Mac,100.98,31,9,28,20% off,available,2026-04-17T20:00:00Z,https://www.ubereats.com/mx,https://www.ubereats.com/mx/search?pl=eyJhZGRyZXNzIjoiQXYuIEFsdmFybyBPYnJlZ29uIDExMCwgUm9tYSBOb3J0ZSwgQ0RNWCIsInJlZmVyZW5jZSI6InNhbXBsZV9yZWZlcmVuY2UiLCJyZWZlcmVuY2VUeXBlIjoiZ29vZ2xlX3BsYWNlcyIsImxhdGl0dWRlIjoxOS40MzI2MDgsImxvbmdpdHVkZSI6LTk5LjEzMzIwOX0%3D&q=McDonald%27s&sc=SEARCH_BAR&searchType=GLOBAL_SEARCH&vertical=ALL
ubereats,"Av. Alvaro Obregon 110, Roma Norte, CDMX",mid,McDonald's,Combo Big Mac,152.98,31,10,28,,available,2026-04-17T20:00:00Z,https://www.ubereats.com/mx,https://www.ubereats.com/mx/search?pl=eyJhZGRyZXNzIjoiQXYuIEFsdmFybyBPYnJlZ29uIDExMCwgUm9tYSBOb3J0ZSwgQ0RNWCIsInJlZmVyZW5jZSI6InNhbXBsZV9yZWZlcmVuY2UiLCJyZWZlcmVuY2VUeXBlIjoiZ29vZ2xlX3BsYWNlcyIsImxhdGl0dWRlIjoxOS40MzI2MDgsImxvbmdpdHVkZSI6LTk5LjEzMzIwOX0%3D&q=McDonald%27s&sc=SEARCH_BAR&searchType=GLOBAL_SEARCH&vertical=ALL
ubereats,"Av. Alvaro Obregon 110, Roma Norte, CDMX",mid,Burger King,Whopper,113.18,31,9,28,20% off,available,2026-04-17T20:00:00Z,https://www.ubereats.com/mx,https://www.ubereats.com/mx/search?pl=eyJhZGRyZXNzIjoiQXYuIEFsdmFybyBPYnJlZ29uIDExMCwgUm9tYSBOb3J0ZSwgQ0RNWCIsInJlZmVyZW5jZSI6InNhbXBsZV9yZWZlcmVuY2UiLCJyZWZlcmVuY2VUeXBlIjoiZ29vZ2xlX3BsYWNlcyIsImxhdGl0dWRlIjoxOS40MzI2MDgsImxvbmdpdHVkZSI6LTk5LjEzMzIwOX0%3D&q=Burger+King&sc=SEARCH_BAR&searchType=GLOBAL_SEARCH&vertical=ALL
ubereats,"Av. Alvaro Obregon 110, Roma Norte, CDMX",mid,Burger King,Combo Whopper,161.18,31,10,28,20% off,available,2026-04-17T20:00:00Z,https://www.ubereats.com/mx,https://www.ubereats.com/mx/search?pl=eyJhZGRyZXNzIjoiQXYuIEFsdmFybyBPYnJlZ29uIDExMCwgUm9tYSBOb3J0ZSwgQ0RNWCIsInJlZmVyZW5jZSI6InNhbXBsZV9yZWZlcmVuY2UiLCJyZWZlcmVuY2VUeXBlIjoiZ29vZ2xlX3BsYWNlcyIsImxhdGl0dWRlIjoxOS40MzI2MDgsImxvbmdpdHVkZSI6LTk5LjEzMzIwOX0%3D&q=Burger+King&sc=SEARCH_BAR&searchType=GLOBAL_SEARCH&vertical=ALL
didi,"Av. Alvaro Obregon 110, Roma Norte, CDMX",mid,McDonald's,Big Mac,97.02,34,7,30,free delivery,available,2026-04-17T20:00:00Z,https://web.didiglobal.com/mx/food/,https://web.didiglobal.com/mx/food/
didi,"Av. Alvaro Obregon 110, Roma Norte, CDMX",mid,McDonald's,Combo Big Mac,147.02,34,8,30,,available,2026-04-17T20:00:00Z,https://web.didiglobal.com/mx/food/,https://web.didiglobal.com/mx/food/
didi,"Av. Alvaro Obregon 110, Roma Norte, CDMX",mid,Burger King,Whopper,108.82,34,7,30,free delivery,available,2026-04-17T20:00:00Z,https://web.didiglobal.com/mx/food/,https://web.didiglobal.com/mx/food/
didi,"Av. Alvaro Obregon 110, Roma Norte, CDMX",mid,Burger King,Combo Whopper,154.82,34,8,30,free delivery,available,2026-04-17T20:00:00Z,https://web.didiglobal.com/mx/food/,https://web.didiglobal.com/mx/food/
rappi,"Tamaulipas 66, Condesa, CDMX",mid,McDonald's,Big Mac,100.0,35,10,32,,available,2026-04-17T20:00:00Z,https://www.rappi.com.mx,https://www.rappi.com.mx/search?query=McDonald%27s
rappi,"Tamaulipas 66, Condesa, CDMX",mid,McDonald's,Combo Big Mac,151.0,35,11,32,15% off,available,2026-04-17T20:00:00Z,https://www.rappi.com.mx,https://www.rappi.com.mx/search?query=McDonald%27s
rappi,"Tamaulipas 66, Condesa, CDMX",mid,Burger King,Whopper,108.0,35,10,32,15% off,available,2026-04-17T20:00:00Z,https://www.rappi.com.mx,https://www.rappi.com.mx/search?query=Burger%20King
rappi,"Tamaulipas 66, Condesa, CDMX",mid,Burger King,Combo Whopper,159.0,35,11,32,,available,2026-04-17T20:00:00Z,https://www.rappi.com.mx,https://www.rappi.com.mx/search?query=Burger%20King
ubereats,"Tamaulipas 66, Condesa, CDMX",mid,McDonald's,Big Mac,101.98,29,9,29,,available,2026-04-17T20:00:00Z,https://www.ubereats.com/mx,https://www.ubereats.com/mx/search?pl=eyJhZGRyZXNzIjoiVGFtYXVsaXBhcyA2NiwgQ29uZGVzYSwgQ0RNWCIsInJlZmVyZW5jZSI6InNhbXBsZV9yZWZlcmVuY2UiLCJyZWZlcmVuY2VUeXBlIjoiZ29vZ2xlX3BsYWNlcyIsImxhdGl0dWRlIjoxOS40MzI2MDgsImxvbmdpdHVkZSI6LTk5LjEzMzIwOX0%3D&q=McDonald%27s&sc=SEARCH_BAR&searchType=GLOBAL_SEARCH&vertical=ALL
ubereats,"Tamaulipas 66, Condesa, CDMX",mid,McDonald's,Combo Big Mac,153.98,29,10,29,20% off,available,2026-04-17T20:00:00Z,https://www.ubereats.com/mx,https://www.ubereats.com/mx/search?pl=eyJhZGRyZXNzIjoiVGFtYXVsaXBhcyA2NiwgQ29uZGVzYSwgQ0RNWCIsInJlZmVyZW5jZSI6InNhbXBsZV9yZWZlcmVuY2UiLCJyZWZlcmVuY2VUeXBlIjoiZ29vZ2xlX3BsYWNlcyIsImxhdGl0dWRlIjoxOS40MzI2MDgsImxvbmdpdHVkZSI6LTk5LjEzMzIwOX0%3D&q=McDonald%27s&sc=SEARCH_BAR&searchType=GLOBAL_SEARCH&vertical=ALL
ubereats,"Tamaulipas 66, Condesa, CDMX",mid,Burger King,Whopper,110.18,29,9,29,20% off,available,2026-04-17T20:00:00Z,https://www.ubereats.com/mx,https://www.ubereats.com/mx/search?pl=eyJhZGRyZXNzIjoiVGFtYXVsaXBhcyA2NiwgQ29uZGVzYSwgQ0RNWCIsInJlZmVyZW5jZSI6InNhbXBsZV9yZWZlcmVuY2UiLCJyZWZlcmVuY2VUeXBlIjoiZ29vZ2xlX3BsYWNlcyIsImxhdGl0dWRlIjoxOS40MzI2MDgsImxvbmdpdHVkZSI6LTk5LjEzMzIwOX0%3D&q=Burger+King&sc=SEARCH_BAR&searchType=GLOBAL_SEARCH&vertical=ALL
ubereats,"Tamaulipas 66, Condesa, CDMX",mid,Burger King,Combo Whopper,162.18,29,10,29,,available,2026-04-17T20:00:00Z,https://www.ubereats.com/mx,https://www.ubereats.com/mx/search?pl=eyJhZGRyZXNzIjoiVGFtYXVsaXBhcyA2NiwgQ29uZGVzYSwgQ0RNWCIsInJlZmVyZW5jZSI6InNhbXBsZV9yZWZlcmVuY2UiLCJyZWZlcmVuY2VUeXBlIjoiZ29vZ2xlX3BsYWNlcyIsImxhdGl0dWRlIjoxOS40MzI2MDgsImxvbmdpdHVkZSI6LTk5LjEzMzIwOX0%3D&q=Burger+King&sc=SEARCH_BAR&searchType=GLOBAL_SEARCH&vertical=ALL
didi,"Tamaulipas 66, Condesa, CDMX",mid,McDonald's,Big Mac,98.02,32,7,31,,available,2026-04-17T20:00:00Z,https://web.didiglobal.com/mx/food/,https://web.didiglobal.com/mx/food/
didi,"Tamaulipas 66, Condesa, CDMX",mid,McDonald's,Combo Big Mac,148.02,32,8,31,free delivery,available,2026-04-17T20:00:00Z,https://web.didiglobal.com/mx/food/,https://web.didiglobal.com/mx/food/
didi,"Tamaulipas 66, Condesa, CDMX",mid,Burger King,Whopper,105.82,32,7,31,free delivery,available,2026-04-17T20:00:00Z,https://web.didiglobal.com/mx/food/,https://web.didiglobal.com/mx/food/
didi,"Tamaulipas 66, Condesa, CDMX",mid,Burger King,Combo Whopper,155.82,32,8,31,,available,2026-04-17T20:00:00Z,https://web.didiglobal.com/mx/food/,https://web.didiglobal.com/mx/food/
rappi,"Medellin 65, Roma Sur, CDMX",mid,McDonald's,Big Mac,101.0,36,10,33,15% off,available,2026-04-17T20:00:00Z,https://www.rappi.com.mx,https://www.rappi.com.mx/search?query=McDonald%27s
rappi,"Medellin 65, Roma Sur, CDMX",mid,McDonald's,Combo Big Mac,148.0,36,11,33,15% off,available,2026-04-17T20:00:00Z,https://www.rappi.com.mx,https://www.rappi.com.mx/search?query=McDonald%27s
rappi,"Medellin 65, Roma Sur, CDMX",mid,Burger King,Whopper,109.0,36,10,33,,available,2026-04-17T20:00:00Z,https://www.rappi.com.mx,https://www.rappi.com.mx/search?query=Burger%20King
rappi,"Medellin 65, Roma Sur, CDMX",mid,Burger King,Combo Whopper,160.0,36,11,33,15% off,available,2026-04-17T20:00:00Z,https://www.rappi.com.mx,https://www.rappi.com.mx/search?query=Burger%20King
ubereats,"Medellin 65, Roma Sur, CDMX",mid,McDonald's,Big Mac,102.98,30,9,30,20% off,available,2026-04-17T20:00:00Z,https://www.ubereats.com/mx,https://www.ubereats.com/mx/search?pl=eyJhZGRyZXNzIjoiTWVkZWxsaW4gNjUsIFJvbWEgU3VyLCBDRE1YIiwicmVmZXJlbmNlIjoic2FtcGxlX3JlZmVyZW5jZSIsInJlZmVyZW5jZVR5cGUiOiJnb29nbGVfcGxhY2VzIiwibGF0aXR1ZGUiOjE5LjQzMjYwOCwibG9uZ2l0dWRlIjotOTkuMTMzMjA5fQ%3D%3D&q=McDonald%27s&sc=SEARCH_BAR&searchType=GLOBAL_SEARCH&vertical=ALL
ubereats,"Medellin 65, Roma Sur, CDMX",mid,McDonald's,Combo Big Mac,150.98,30,10,30,20% off,available,2026-04-17T20:00:00Z,https://www.ubereats.com/mx,https://www.ubereats.com/mx/search?pl=eyJhZGRyZXNzIjoiTWVkZWxsaW4gNjUsIFJvbWEgU3VyLCBDRE1YIiwicmVmZXJlbmNlIjoic2FtcGxlX3JlZmVyZW5jZSIsInJlZmVyZW5jZVR5cGUiOiJnb29nbGVfcGxhY2VzIiwibGF0aXR1ZGUiOjE5LjQzMjYwOCwibG9uZ2l0dWRlIjotOTkuMTMzMjA5fQ%3D%3D&q=McDonald%27s&sc=SEARCH_BAR&searchType=GLOBAL_SEARCH&vertical=ALL
ubereats,"Medellin 65, Roma Sur, CDMX",mid,Burger King,Whopper,111.18,30,9,30,,available,2026-04-17T20:00:00Z,https://www.ubereats.com/mx,https://www.ubereats.com/mx/search?pl=eyJhZGRyZXNzIjoiTWVkZWxsaW4gNjUsIFJvbWEgU3VyLCBDRE1YIiwicmVmZXJlbmNlIjoic2FtcGxlX3JlZmVyZW5jZSIsInJlZmVyZW5jZVR5cGUiOiJnb29nbGVfcGxhY2VzIiwibGF0aXR1ZGUiOjE5LjQzMjYwOCwibG9uZ2l0dWRlIjotOTkuMTMzMjA5fQ%3D%3D&q=Burger+King&sc=SEARCH_BAR&searchType=GLOBAL_SEARCH&vertical=ALL
ubereats,"Medellin 65, Roma Sur, CDMX",mid,Burger King,Combo Whopper,163.18,30,10,30,20% off,available,2026-04-17T20:00:00Z,https://www.ubereats.com/mx,https://www.ubereats.com/mx/search?pl=eyJhZGRyZXNzIjoiTWVkZWxsaW4gNjUsIFJvbWEgU3VyLCBDRE1YIiwicmVmZXJlbmNlIjoic2FtcGxlX3JlZmVyZW5jZSIsInJlZmVyZW5jZVR5cGUiOiJnb29nbGVfcGxhY2VzIiwibGF0aXR1ZGUiOjE5LjQzMjYwOCwibG9uZ2l0dWRlIjotOTkuMTMzMjA5fQ%3D%3D&q=Burger+King&sc=SEARCH_BAR&searchType=GLOBAL_SEARCH&vertical=ALL
didi,"Medellin 65, Roma Sur, CDMX",mid,McDonald's,Big Mac,99.02,33,7,32,free delivery,available,2026-04-17T20:00:00Z,https://web.didiglobal.com/mx/food/,https://web.didiglobal.com/mx/food/
didi,"Medellin 65, Roma Sur, CDMX",mid,McDonald's,Combo Big Mac,145.02,33,8,32,free delivery,available,2026-04-17T20:00:00Z,https://web.didiglobal.com/mx/food/,https://web.didiglobal.com/mx/food/
didi,"Medellin 65, Roma Sur, CDMX",mid,Burger King,Whopper,106.82,33,7,32,,available,2026-04-17T20:00:00Z,https://web.didiglobal.com/mx/food/,https://web.didiglobal.com/mx/food/
didi,"Medellin 65, Roma Sur, CDMX",mid,Burger King,Combo Whopper,156.82,33,8,32,free delivery,available,2026-04-17T20:00:00Z,https://web.didiglobal.com/mx/food/,https://web.didiglobal.com/mx/food/
rappi,"Av. Coyoacan 1035, Del Valle, CDMX",mid,McDonald's,Big Mac,98.0,37,10,34,15% off,available,2026-04-17T20:00:00Z,https://www.rappi.com.mx,https://www.rappi.com.mx/search?query=McDonald%27s
rappi,"Av. Coyoacan 1035, Del Valle, CDMX",mid,McDonald's,Combo Big Mac,149.0,37,11,34,,available,2026-04-17T20:00:00Z,https://www.rappi.com.mx,https://www.rappi.com.mx/search?query=McDonald%27s
rappi,"Av. Coyoacan 1035, Del Valle, CDMX",mid,Burger King,Whopper,110.0,37,10,34,15% off,available,2026-04-17T20:00:00Z,https://www.rappi.com.mx,https://www.rappi.com.mx/search?query=Burger%20King
rappi,"Av. Coyoacan 1035, Del Valle, CDMX",mid,Burger King,Combo Whopper,161.0,37,11,34,15% off,available,2026-04-17T20:00:00Z,https://www.rappi.com.mx,https://www.rappi.com.mx/search?query=Burger%20King
ubereats,"Av. Coyoacan 1035, Del Valle, CDMX",mid,McDonald's,Big Mac,99.98,31,9,31,20% off,available,2026-04-17T20:00:00Z,https://www.ubereats.com/mx,https://www.ubereats.com/mx/search?pl=eyJhZGRyZXNzIjoiQXYuIENveW9hY2FuIDEwMzUsIERlbCBWYWxsZSwgQ0RNWCIsInJlZmVyZW5jZSI6InNhbXBsZV9yZWZlcmVuY2UiLCJyZWZlcmVuY2VUeXBlIjoiZ29vZ2xlX3BsYWNlcyIsImxhdGl0dWRlIjoxOS40MzI2MDgsImxvbmdpdHVkZSI6LTk5LjEzMzIwOX0%3D&q=McDonald%27s&sc=SEARCH_BAR&searchType=GLOBAL_SEARCH&vertical=ALL
ubereats,"Av. Coyoacan 1035, Del Valle, CDMX",mid,McDonald's,Combo Big Mac,151.98,31,10,31,,available,2026-04-17T20:00:00Z,https://www.ubereats.com/mx,https://www.ubereats.com/mx/search?pl=eyJhZGRyZXNzIjoiQXYuIENveW9hY2FuIDEwMzUsIERlbCBWYWxsZSwgQ0RNWCIsInJlZmVyZW5jZSI6InNhbXBsZV9yZWZlcmVuY2UiLCJyZWZlcmVuY2VUeXBlIjoiZ29vZ2xlX3BsYWNlcyIsImxhdGl0dWRlIjoxOS40MzI2MDgsImxvbmdpdHVkZSI6LTk5LjEzMzIwOX0%3D&q=McDonald%27s&sc=SEARCH_BAR&searchType=GLOBAL_SEARCH&vertical=ALL
ubereats,"Av. Coyoacan 1035, Del Valle, CDMX",mid,Burger King,Whopper,112.18,31,9,31,20% off,available,2026-04-17T20:00:00Z,https://www.ubereats.com/mx,https://www.ubereats.com/mx/search?pl=eyJhZGRyZXNzIjoiQXYuIENveW9hY2FuIDEwMzUsIERlbCBWYWxsZSwgQ0RNWCIsInJlZmVyZW5jZSI6InNhbXBsZV9yZWZlcmVuY2UiLCJyZWZlcmVuY2VUeXBlIjoiZ29vZ2xlX3BsYWNlcyIsImxhdGl0dWRlIjoxOS40MzI2MDgsImxvbmdpdHVkZSI6LTk5LjEzMzIwOX0%3D&q=Burger+King&sc=SEARCH_BAR&searchType=GLOBAL_SEARCH&vertical=ALL
ubereats,"Av. Coyoacan 1035, Del Valle, CDMX",mid,Burger King,Combo Whopper,164.18,31,10,31,20% off,available,2026-04-17T20:00:00Z,https://www.ubereats.com/mx,https://www.ubereats.com/mx/search?pl=eyJhZGRyZXNzIjoiQXYuIENveW9hY2FuIDEwMzUsIERlbCBWYWxsZSwgQ0RNWCIsInJlZmVyZW5jZSI6InNhbXBsZV9yZWZlcmVuY2UiLCJyZWZlcmVuY2VUeXBlIjoiZ29vZ2xlX3BsYWNlcyIsImxhdGl0dWRlIjoxOS40MzI2MDgsImxvbmdpdHVkZSI6LTk5LjEzMzIwOX0%3D&q=Burger+King&sc=SEARCH_BAR&searchType=GLOBAL_SEARCH&vertical=ALL
didi,"Av. Coyoacan 1035, Del Valle, CDMX",mid,McDonald's,Big Mac,96.02,34,7,33,free delivery,available,2026-04-17T20:00:00Z,https://web.didiglobal.com/mx/food/,https://web.didiglobal.com/mx/food/
didi,"Av. Coyoacan 1035, Del Valle, CDMX",mid,McDonald's,Combo Big Mac,146.02,34,8,33,,available,2026-04-17T20:00:00Z,https://web.didiglobal.com/mx/food/,https://web.didiglobal.com/mx/food/
didi,"Av. Coyoacan 1035, Del Valle, CDMX",mid,Burger King,Whopper,107.82,34,7,33,free delivery,available,2026-04-17T20:00:00Z,https://web.didiglobal.com/mx/food/,https://web.didiglobal.com/mx/food/
didi,"Av. Coyoacan 1035, Del Valle, CDMX",mid,Burger King,Combo Whopper,157.82,34,8,33,free delivery,available,2026-04-17T20:00:00Z,https://web.didiglobal.com/mx/food/,https://web.didiglobal.com/mx/food/
rappi,"Gabriel Mancera 1402, Del Valle, CDMX",mid,McDonald's,Big Mac,99.0,35,10,35,,available,2026-04-17T20:00:00Z,https://www.rappi.com.mx,https://www.rappi.com.mx/search?query=McDonald%27s
rappi,"Gabriel Mancera 1402, Del Valle, CDMX",mid,McDonald's,Combo Big Mac,150.0,35,11,35,15% off,available,2026-04-17T20:00:00Z,https://www.rappi.com.mx,https://www.rappi.com.mx/search?query=McDonald%27s
rappi,"Gabriel Mancera 1402, Del Valle, CDMX",mid,Burger King,Whopper,111.0,35,10,35,15% off,available,2026-04-17T20:00:00Z,https://www.rappi.com.mx,https://www.rappi.com.mx/search?query=Burger%20King
rappi,"Gabriel Mancera 1402, Del Valle, CDMX",mid,Burger King,Combo Whopper,158.0,35,11,35,,available,2026-04-17T20:00:00Z,https://www.rappi.com.mx,https://www.rappi.com.mx/search?query=Burger%20King
ubereats,"Gabriel Mancera 1402, Del Valle, CDMX",mid,McDonald's,Big Mac,100.98,29,9,32,,available,2026-04-17T20:00:00Z,https://www.ubereats.com/mx,https://www.ubereats.com/mx/search?pl=eyJhZGRyZXNzIjoiR2FicmllbCBNYW5jZXJhIDE0MDIsIERlbCBWYWxsZSwgQ0RNWCIsInJlZmVyZW5jZSI6InNhbXBsZV9yZWZlcmVuY2UiLCJyZWZlcmVuY2VUeXBlIjoiZ29vZ2xlX3BsYWNlcyIsImxhdGl0dWRlIjoxOS40MzI2MDgsImxvbmdpdHVkZSI6LTk5LjEzMzIwOX0%3D&q=McDonald%27s&sc=SEARCH_BAR&searchType=GLOBAL_SEARCH&vertical=ALL
ubereats,"Gabriel Mancera 1402, Del Valle, CDMX",mid,McDonald's,Combo Big Mac,152.98,29,10,32,20% off,available,2026-04-17T20:00:00Z,https://www.ubereats.com/mx,https://www.ubereats.com/mx/search?pl=eyJhZGRyZXNzIjoiR2FicmllbCBNYW5jZXJhIDE0MDIsIERlbCBWYWxsZSwgQ0RNWCIsInJlZmVyZW5jZSI6InNhbXBsZV9yZWZlcmVuY2UiLCJyZWZlcmVuY2VUeXBlIjoiZ29vZ2xlX3BsYWNlcyIsImxhdGl0dWRlIjoxOS40MzI2MDgsImxvbmdpdHVkZSI6LTk5LjEzMzIwOX0%3D&q=McDonald%27s&sc=SEARCH_BAR&searchType=GLOBAL_SEARCH&vertical=ALL
ubereats,"Gabriel Mancera 1402, Del Valle, CDMX",mid,Burger King,Whopper,113.18,29,9,32,20% off,available,2026-04-17T20:00:00Z,https://www.ubereats.com/mx,https://www.ubereats.com/mx/search?pl=eyJhZGRyZXNzIjoiR2FicmllbCBNYW5jZXJhIDE0MDIsIERlbCBWYWxsZSwgQ0RNWCIsInJlZmVyZW5jZSI6InNhbXBsZV9yZWZlcmVuY2UiLCJyZWZlcmVuY2VUeXBlIjoiZ29vZ2xlX3BsYWNlcyIsImxhdGl0dWRlIjoxOS40MzI2MDgsImxvbmdpdHVkZSI6LTk5LjEzMzIwOX0%3D&q=Burger+King&sc=SEARCH_BAR&searchType=GLOBAL_SEARCH&vertical=ALL
ubereats,"Gabriel Mancera 1402, Del Valle, CDMX",mid,Burger King,Combo Whopper,161.18,29,10,32,,available,2026-04-17T20:00:00Z,https://www.ubereats.com/mx,https://www.ubereats.com/mx/search?pl=eyJhZGRyZXNzIjoiR2FicmllbCBNYW5jZXJhIDE0MDIsIERlbCBWYWxsZSwgQ0RNWCIsInJlZmVyZW5jZSI6InNhbXBsZV9yZWZlcmVuY2UiLCJyZWZlcmVuY2VUeXBlIjoiZ29vZ2xlX3BsYWNlcyIsImxhdGl0dWRlIjoxOS40MzI2MDgsImxvbmdpdHVkZSI6LTk5LjEzMzIwOX0%3D&q=Burger+King&sc=SEARCH_BAR&searchType=GLOBAL_SEARCH&vertical=ALL
didi,"Gabriel Mancera 1402, Del Valle, CDMX",mid,McDonald's,Big Mac,97.02,32,7,34,,available,2026-04-17T20:00:00Z,https://web.didiglobal.com/mx/food/,https://web.didiglobal.com/mx/food/
didi,"Gabriel Mancera 1402, Del Valle, CDMX",mid,McDonald's,Combo Big Mac,147.02,32,8,34,free delivery,available,2026-04-17T20:00:00Z,https://web.didiglobal.com/mx/food/,https://web.didiglobal.com/mx/food/
didi,"Gabriel Mancera 1402, Del Valle, CDMX",mid,Burger King,Whopper,108.82,32,7,34,free delivery,available,2026-04-17T20:00:00Z,https://web.didiglobal.com/mx/food/,https://web.didiglobal.com/mx/food/
didi,"Gabriel Mancera 1402, Del Valle, CDMX",mid,Burger King,Combo Whopper,154.82,32,8,34,,available,2026-04-17T20:00:00Z,https://web.didiglobal.com/mx/food/,https://web.didiglobal.com/mx/food/
rappi,"Av. Revolucion 1400, San Angel, CDMX",mid,McDonald's,Big Mac,100.0,36,10,31,15% off,available,2026-04-17T20:00:00Z,https://www.rappi.com.mx,https://www.rappi.com.mx/search?query=McDonald%27s
rappi,"Av. Revolucion 1400, San Angel, CDMX",mid,McDonald's,Combo Big Mac,151.0,36,11,31,15% off,available,2026-04-17T20:00:00Z,https://www.rappi.com.mx,https://www.rappi.com.mx/search?query=McDonald%27s
rappi,"Av. Revolucion 1400, San Angel, CDMX",mid,Burger King,Whopper,108.0,36,10,31,,available,2026-04-17T20:00:00Z,https://www.rappi.com.mx,https://www.rappi.com.mx/search?query=Burger%20King
rappi,"Av. Revolucion 1400, San Angel, CDMX",mid,Burger King,Combo Whopper,159.0,36,11,31,15% off,available,2026-04-17T20:00:00Z,https://www.rappi.com.mx,https://www.rappi.com.mx/search?query=Burger%20King
ubereats,"Av. Revolucion 1400, San Angel, CDMX",mid,McDonald's,Big Mac,101.98,30,9,28,20% off,available,2026-04-17T20:00:00Z,https://www.ubereats.com/mx,https://www.ubereats.com/mx/search?pl=eyJhZGRyZXNzIjoiQXYuIFJldm9sdWNpb24gMTQwMCwgU2FuIEFuZ2VsLCBDRE1YIiwicmVmZXJlbmNlIjoic2FtcGxlX3JlZmVyZW5jZSIsInJlZmVyZW5jZVR5cGUiOiJnb29nbGVfcGxhY2VzIiwibGF0aXR1ZGUiOjE5LjQzMjYwOCwibG9uZ2l0dWRlIjotOTkuMTMzMjA5fQ%3D%3D&q=McDonald%27s&sc=SEARCH_BAR&searchType=GLOBAL_SEARCH&vertical=ALL
ubereats,"Av. Revolucion 1400, San Angel, CDMX",mid,McDonald's,Combo Big Mac,153.98,30,10,28,20% off,available,2026-04-17T20:00:00Z,https://www.ubereats.com/mx,https://www.ubereats.com/mx/search?pl=eyJhZGRyZXNzIjoiQXYuIFJldm9sdWNpb24gMTQwMCwgU2FuIEFuZ2VsLCBDRE1YIiwicmVmZXJlbmNlIjoic2FtcGxlX3JlZmVyZW5jZSIsInJlZmVyZW5jZVR5cGUiOiJnb29nbGVfcGxhY2VzIiwibGF0aXR1ZGUiOjE5LjQzMjYwOCwibG9uZ2l0dWRlIjotOTkuMTMzMjA5fQ%3D%3D&q=McDonald%27s&sc=SEARCH_BAR&searchType=GLOBAL_SEARCH&vertical=ALL
ubereats,"Av. Revolucion 1400, San Angel, CDMX",mid,Burger King,Whopper,110.18,30,9,28,,available,2026-04-17T20:00:00Z,https://www.ubereats.com/mx,https://www.ubereats.com/mx/search?pl=eyJhZGRyZXNzIjoiQXYuIFJldm9sdWNpb24gMTQwMCwgU2FuIEFuZ2VsLCBDRE1YIiwicmVmZXJlbmNlIjoic2FtcGxlX3JlZmVyZW5jZSIsInJlZmVyZW5jZVR5cGUiOiJnb29nbGVfcGxhY2VzIiwibGF0aXR1ZGUiOjE5LjQzMjYwOCwibG9uZ2l0dWRlIjotOTkuMTMzMjA5fQ%3D%3D&q=Burger+King&sc=SEARCH_BAR&searchType=GLOBAL_SEARCH&vertical=ALL
ubereats,"Av. Revolucion 1400, San Angel, CDMX",mid,Burger King,Combo Whopper,162.18,30,10,28,20% off,available,2026-04-17T20:00:00Z,https://www.ubereats.com/mx,https://www.ubereats.com/mx/search?pl=eyJhZGRyZXNzIjoiQXYuIFJldm9sdWNpb24gMTQwMCwgU2FuIEFuZ2VsLCBDRE1YIiwicmVmZXJlbmNlIjoic2FtcGxlX3JlZmVyZW5jZSIsInJlZmVyZW5jZVR5cGUiOiJnb29nbGVfcGxhY2VzIiwibGF0aXR1ZGUiOjE5LjQzMjYwOCwibG9uZ2l0dWRlIjotOTkuMTMzMjA5fQ%3D%3D&q=Burger+King&sc=SEARCH_BAR&searchType=GLOBAL_SEARCH&vertical=ALL
didi,"Av. Revolucion 1400, San Angel, CDMX",mid,McDonald's,Big Mac,98.02,33,7,30,free delivery,available,2026-04-17T20:00:00Z,https://web.didiglobal.com/mx/food/,https://web.didiglobal.com/mx/food/
didi,"Av. Revolucion 1400, San Angel, CDMX",mid,McDonald's,Combo Big Mac,148.02,33,8,30,free delivery,available,2026-04-17T20:00:00Z,https://web.didiglobal.com/mx/food/,https://web.didiglobal.com/mx/food/
didi,"Av. Revolucion 1400, San Angel, CDMX",mid,Burger King,Whopper,105.82,33,7,30,,available,2026-04-17T20:00:00Z,https://web.didiglobal.com/mx/food/,https://web.didiglobal.com/mx/food/
didi,"Av. Revolucion 1400, San Angel, CDMX",mid,Burger King,Combo Whopper,155.82,33,8,30,free delivery,available,2026-04-17T20:00:00Z,https://web.didiglobal.com/mx/food/,https://web.didiglobal.com/mx/food/
rappi,"Eje Central 18, Centro Historico, CDMX",mid,McDonald's,Big Mac,101.0,37,10,32,15% off,available,2026-04-17T20:00:00Z,https://www.rappi.com.mx,https://www.rappi.com.mx/search?query=McDonald%27s
rappi,"Eje Central 18, Centro Historico, CDMX",mid,McDonald's,Combo Big Mac,148.0,37,11,32,,available,2026-04-17T20:00:00Z,https://www.rappi.com.mx,https://www.rappi.com.mx/search?query=McDonald%27s
rappi,"Eje Central 18, Centro Historico, CDMX",mid,Burger King,Whopper,109.0,37,10,32,15% off,available,2026-04-17T20:00:00Z,https://www.rappi.com.mx,https://www.rappi.com.mx/search?query=Burger%20King
rappi,"Eje Central 18, Centro Historico, CDMX",mid,Burger King,Combo Whopper,160.0,37,11,32,15% off,available,2026-04-17T20:00:00Z,https://www.rappi.com.mx,https://www.rappi.com.mx/search?query=Burger%20King
ubereats,"Eje Central 18, Centro Historico, CDMX",mid,McDonald's,Big Mac,102.98,31,9,29,20% off,available,2026-04-17T20:00:00Z,https://www.ubereats.com/mx,https://www.ubereats.com/mx/search?pl=eyJhZGRyZXNzIjoiRWplIENlbnRyYWwgMTgsIENlbnRybyBIaXN0b3JpY28sIENETVgiLCJyZWZlcmVuY2UiOiJzYW1wbGVfcmVmZXJlbmNlIiwicmVmZXJlbmNlVHlwZSI6Imdvb2dsZV9wbGFjZXMiLCJsYXRpdHVkZSI6MTkuNDMyNjA4LCJsb25naXR1ZGUiOi05OS4xMzMyMDl9&q=McDonald%27s&sc=SEARCH_BAR&searchType=GLOBAL_SEARCH&vertical=ALL
ubereats,"Eje Central 18, Centro Historico, CDMX",mid,McDonald's,Combo Big Mac,150.98,31,10,29,,available,2026-04-17T20:00:00Z,https://www.ubereats.com/mx,https://www.ubereats.com/mx/search?pl=eyJhZGRyZXNzIjoiRWplIENlbnRyYWwgMTgsIENlbnRybyBIaXN0b3JpY28sIENETVgiLCJyZWZlcmVuY2UiOiJzYW1wbGVfcmVmZXJlbmNlIiwicmVmZXJlbmNlVHlwZSI6Imdvb2dsZV9wbGFjZXMiLCJsYXRpdHVkZSI6MTkuNDMyNjA4LCJsb25naXR1ZGUiOi05OS4xMzMyMDl9&q=McDonald%27s&sc=SEARCH_BAR&searchType=GLOBAL_SEARCH&vertical=ALL
ubereats,"Eje Central 18, Centro Historico, CDMX",mid,Burger King,Whopper,111.18,31,9,29,20% off,available,2026-04-17T20:00:00Z,https://www.ubereats.com/mx,https://www.ubereats.com/mx/search?pl=eyJhZGRyZXNzIjoiRWplIENlbnRyYWwgMTgsIENlbnRybyBIaXN0b3JpY28sIENETVgiLCJyZWZlcmVuY2UiOiJzYW1wbGVfcmVmZXJlbmNlIiwicmVmZXJlbmNlVHlwZSI6Imdvb2dsZV9wbGFjZXMiLCJsYXRpdHVkZSI6MTkuNDMyNjA4LCJsb25naXR1ZGUiOi05OS4xMzMyMDl9&q=Burger+King&sc=SEARCH_BAR&searchType=GLOBAL_SEARCH&vertical=ALL
ubereats,"Eje Central 18, Centro Historico, CDMX",mid,Burger King,Combo Whopper,163.18,31,10,29,20% off,available,2026-04-17T20:00:00Z,https://www.ubereats.com/mx,https://www.ubereats.com/mx/search?pl=eyJhZGRyZXNzIjoiRWplIENlbnRyYWwgMTgsIENlbnRybyBIaXN0b3JpY28sIENETVgiLCJyZWZlcmVuY2UiOiJzYW1wbGVfcmVmZXJlbmNlIiwicmVmZXJlbmNlVHlwZSI6Imdvb2dsZV9wbGFjZXMiLCJsYXRpdHVkZSI6MTkuNDMyNjA4LCJsb25naXR1ZGUiOi05OS4xMzMyMDl9&q=Burger+King&sc=SEARCH_BAR&searchType=GLOBAL_SEARCH&vertical=ALL
didi,"Eje Central 18, Centro Historico, CDMX",mid,McDonald's,Big Mac,99.02,34,7,31,free delivery,available,2026-04-17T20:00:00Z,https://web.didiglobal.com/mx/food/,https://web.didiglobal.com/mx/food/
didi,"Eje Central 18, Centro Historico, CDMX",mid,McDonald's,Combo Big Mac,145.02,34,8,31,,available,2026-04-17T20:00:00Z,https://web.didiglobal.com/mx/food/,https://web.didiglobal.com/mx/food/
didi,"Eje Central 18, Centro Historico, CDMX",mid,Burger King,Whopper,106.82,34,7,31,free delivery,available,2026-04-17T20:00:00Z,https://web.didiglobal.com/mx/food/,https://web.didiglobal.com/mx/food/
didi,"Eje Central 18, Centro Historico, CDMX",mid,Burger King,Combo Whopper,156.82,34,8,31,free delivery,available,2026-04-17T20:00:00Z,https://web.didiglobal.com/mx/food/,https://web.didiglobal.com/mx/food/
rappi,"Av. Hidalgo 45, Centro, CDMX",mid,McDonald's,Big Mac,98.0,35,10,33,,available,2026-04-17T20:00:00Z,https://www.rappi.com.mx,https://www.rappi.com.mx/search?query=McDonald%27s
rappi,"Av. Hidalgo 45, Centro, CDMX",mid,McDonald's,Combo Big Mac,149.0,35,11,33,15% off,available,2026-04-17T20:00:00Z,https://www.rappi.com.mx,https://www.rappi.com.mx/search?query=McDonald%27s
rappi,"Av. Hidalgo 45, Centro, CDMX",mid,Burger King,Whopper,110.0,35,10,33,15% off,available,2026-04-17T20:00:00Z,https://www.rappi.com.mx,https://www.rappi.com.mx/search?query=Burger%20King
rappi,"Av. Hidalgo 45, Centro, CDMX",mid,Burger King,Combo Whopper,161.0,35,11,33,,available,2026-04-17T20:00:00Z,https://www.rappi.com.mx,https://www.rappi.com.mx/search?query=Burger%20King
ubereats,"Av. Hidalgo 45, Centro, CDMX",mid,McDonald's,Big Mac,99.98,29,9,30,,available,2026-04-17T20:00:00Z,https://www.ubereats.com/mx,https://www.ubereats.com/mx/search?pl=eyJhZGRyZXNzIjoiQXYuIEhpZGFsZ28gNDUsIENlbnRybywgQ0RNWCIsInJlZmVyZW5jZSI6InNhbXBsZV9yZWZlcmVuY2UiLCJyZWZlcmVuY2VUeXBlIjoiZ29vZ2xlX3BsYWNlcyIsImxhdGl0dWRlIjoxOS40MzI2MDgsImxvbmdpdHVkZSI6LTk5LjEzMzIwOX0%3D&q=McDonald%27s&sc=SEARCH_BAR&searchType=GLOBAL_SEARCH&vertical=ALL
ubereats,"Av. Hidalgo 45, Centro, CDMX",mid,McDonald's,Combo Big Mac,151.98,29,10,30,20% off,available,2026-04-17T20:00:00Z,https://www.ubereats.com/mx,https://www.ubereats.com/mx/search?pl=eyJhZGRyZXNzIjoiQXYuIEhpZGFsZ28gNDUsIENlbnRybywgQ0RNWCIsInJlZmVyZW5jZSI6InNhbXBsZV9yZWZlcmVuY2UiLCJyZWZlcmVuY2VUeXBlIjoiZ29vZ2xlX3BsYWNlcyIsImxhdGl0dWRlIjoxOS40MzI2MDgsImxvbmdpdHVkZSI6LTk5LjEzMzIwOX0%3D&q=McDonald%27s&sc=SEARCH_BAR&searchType=GLOBAL_SEARCH&vertical=ALL
ubereats,"Av. Hidalgo 45, Centro, CDMX",mid,Burger King,Whopper,112.18,29,9,30,20% off,available,2026-04-17T20:00:00Z,https://www.ubereats.com/mx,https://www.ubereats.com/mx/search?pl=eyJhZGRyZXNzIjoiQXYuIEhpZGFsZ28gNDUsIENlbnRybywgQ0RNWCIsInJlZmVyZW5jZSI6InNhbXBsZV9yZWZlcmVuY2UiLCJyZWZlcmVuY2VUeXBlIjoiZ29vZ2xlX3BsYWNlcyIsImxhdGl0dWRlIjoxOS40MzI2MDgsImxvbmdpdHVkZSI6LTk5LjEzMzIwOX0%3D&q=Burger+King&sc=SEARCH_BAR&searchType=GLOBAL_SEARCH&vertical=ALL
ubereats,"Av. Hidalgo 45, Centro, CDMX",mid,Burger King,Combo Whopper,164.18,29,10,30,,available,2026-04-17T20:00:00Z,https://www.ubereats.com/mx,https://www.ubereats.com/mx/search?pl=eyJhZGRyZXNzIjoiQXYuIEhpZGFsZ28gNDUsIENlbnRybywgQ0RNWCIsInJlZmVyZW5jZSI6InNhbXBsZV9yZWZlcmVuY2UiLCJyZWZlcmVuY2VUeXBlIjoiZ29vZ2xlX3BsYWNlcyIsImxhdGl0dWRlIjoxOS40MzI2MDgsImxvbmdpdHVkZSI6LTk5LjEzMzIwOX0%3D&q=Burger+King&sc=SEARCH_BAR&searchType=GLOBAL_SEARCH&vertical=ALL
didi,"Av. Hidalgo 45, Centro, CDMX",mid,McDonald's,Big Mac,96.02,32,7,32,,available,2026-04-17T20:00:00Z,https://web.didiglobal.com/mx/food/,https://web.didiglobal.com/mx/food/
didi,"Av. Hidalgo 45, Centro, CDMX",mid,McDonald's,Combo Big Mac,146.02,32,8,32,free delivery,available,2026-04-17T20:00:00Z,https://web.didiglobal.com/mx/food/,https://web.didiglobal.com/mx/food/
didi,"Av. Hidalgo 45, Centro, CDMX",mid,Burger King,Whopper,107.82,32,7,32,free delivery,available,2026-04-17T20:00:00Z,https://web.didiglobal.com/mx/food/,https://web.didiglobal.com/mx/food/
didi,"Av. Hidalgo 45, Centro, CDMX",mid,Burger King,Combo Whopper,157.82,32,8,32,,available,2026-04-17T20:00:00Z,https://web.didiglobal.com/mx/food/,https://web.didiglobal.com/mx/food/
rappi,"Av. Tlahuac 3000, Iztapalapa, CDMX",periphery,McDonald's,Big Mac,95.04,48,10,40,15% off,available,2026-04-17T20:00:00Z,https://www.rappi.com.mx,https://www.rappi.com.mx/search?query=McDonald%27s
rappi,"Av. Tlahuac 3000, Iztapalapa, CDMX",periphery,McDonald's,Combo Big Mac,144.04,48,11,40,15% off,available,2026-04-17T20:00:00Z,https://www.rappi.com.mx,https://www.rappi.com.mx/search?query=McDonald%27s
rappi,"Av. Tlahuac 3000, Iztapalapa, CDMX",periphery,Burger King,Whopper,106.64,48,10,40,,available,2026-04-17T20:00:00Z,https://www.rappi.com.mx,https://www.rappi.com.mx/search?query=Burger%20King
rappi,"Av. Tlahuac 3000, Iztapalapa, CDMX",periphery,Burger King,Combo Whopper,151.64,48,11,40,15% off,available,2026-04-17T20:00:00Z,https://www.rappi.com.mx,https://www.rappi.com.mx/search?query=Burger%20King
ubereats,"Av. Tlahuac 3000, Iztapalapa, CDMX",periphery,McDonald's,Big Mac,96.94,38,9,37,20% off,available,2026-04-17T20:00:00Z,https://www.ubereats.com/mx,https://www.ubereats.com/mx/search?pl=eyJhZGRyZXNzIjoiQXYuIFRsYWh1YWMgMzAwMCwgSXp0YXBhbGFwYSwgQ0RNWCIsInJlZmVyZW5jZSI6InNhbXBsZV9yZWZlcmVuY2UiLCJyZWZlcmVuY2VUeXBlIjoiZ29vZ2xlX3BsYWNlcyIsImxhdGl0dWRlIjoxOS40MzI2MDgsImxvbmdpdHVkZSI6LTk5LjEzMzIwOX0%3D&q=McDonald%27s&sc=SEARCH_BAR&searchType=GLOBAL_SEARCH&vertical=ALL
ubereats,"Av. Tlahuac 3000, Iztapalapa, CDMX",periphery,McDonald's,Combo Big Mac,146.9,38,10,37,20% off,available,2026-04-17T20:00:00Z,https://www.ubereats.com/mx,https://www.ubereats.com/mx/search?pl=eyJhZGRyZXNzIjoiQXYuIFRsYWh1YWMgMzAwMCwgSXp0YXBhbGFwYSwgQ0RNWCIsInJlZmVyZW5jZSI6InNhbXBsZV9yZWZlcmVuY2UiLCJyZWZlcmVuY2VUeXBlIjoiZ29vZ2xlX3BsYWNlcyIsImxhdGl0dWRlIjoxOS40MzI2MDgsImxvbmdpdHVkZSI6LTk5LjEzMzIwOX0%3D&q=McDonald%27s&sc=SEARCH_BAR&searchType=GLOBAL_SEARCH&vertical=ALL
ubereats,"Av. Tlahuac 3000, Iztapalapa, CDMX",periphery,Burger King,Whopper,108.73,38,9,37,,available,2026-04-17T20:00:00Z,https://www.ubereats.com/mx,https://www.ubereats.com/mx/search?pl=eyJhZGRyZXNzIjoiQXYuIFRsYWh1YWMgMzAwMCwgSXp0YXBhbGFwYSwgQ0RNWCIsInJlZmVyZW5jZSI6InNhbXBsZV9yZWZlcmVuY2UiLCJyZWZlcmVuY2VUeXBlIjoiZ29vZ2xlX3BsYWNlcyIsImxhdGl0dWRlIjoxOS40MzI2MDgsImxvbmdpdHVkZSI6LTk5LjEzMzIwOX0%3D&q=Burger+King&sc=SEARCH_BAR&searchType=GLOBAL_SEARCH&vertical=ALL
ubereats,"Av. Tlahuac 3000, Iztapalapa, CDMX",periphery,Burger King,Combo Whopper,154.69,38,10,37,20% off,available,2026-04-17T20:00:00Z,https://www.ubereats.com/mx,https://www.ubereats.com/mx/search?pl=eyJhZGRyZXNzIjoiQXYuIFRsYWh1YWMgMzAwMCwgSXp0YXBhbGFwYSwgQ0RNWCIsInJlZmVyZW5jZSI6InNhbXBsZV9yZWZlcmVuY2UiLCJyZWZlcmVuY2VUeXBlIjoiZ29vZ2xlX3BsYWNlcyIsImxhdGl0dWRlIjoxOS40MzI2MDgsImxvbmdpdHVkZSI6LTk5LjEzMzIwOX0%3D&q=Burger+King&sc=SEARCH_BAR&searchType=GLOBAL_SEARCH&vertical=ALL
didi,"Av. Tlahuac 3000, Iztapalapa, CDMX",periphery,McDonald's,Big Mac,93.14,41,7,39,free delivery,available,2026-04-17T20:00:00Z,https://web.didiglobal.com/mx/food/,https://web.didiglobal.com/mx/food/
didi,"Av. Tlahuac 3000, Iztapalapa, CDMX",periphery,McDonald's,Combo Big Mac,141.18,41,8,39,free delivery,available,2026-04-17T20:00:00Z,https://web.didiglobal.com/mx/food/,https://web.didiglobal.com/mx/food/
didi,"Av. Tlahuac 3000, Iztapalapa, CDMX",periphery,Burger King,Whopper,104.55,41,7,39,,available,2026-04-17T20:00:00Z,https://web.didiglobal.com/mx/food/,https://web.didiglobal.com/mx/food/
didi,"Av. Tlahuac 3000, Iztapalapa, CDMX",periphery,Burger King,Combo Whopper,148.59,41,8,39,free delivery,available,2026-04-17T20:00:00Z,https://web.didiglobal.com/mx/food/,https://web.didiglobal.com/mx/food/
rappi,"Av. Ermita Iztapalapa 1020, Iztapalapa, CDMX",periphery,McDonald's,Big Mac,96.04,49,10,41,15% off,available,2026-04-17T20:00:00Z,https://www.rappi.com.mx,https://www.rappi.com.mx/search?query=McDonald%27s
rappi,"Av. Ermita Iztapalapa 1020, Iztapalapa, CDMX",periphery,McDonald's,Combo Big Mac,145.04,49,11,41,,available,2026-04-17T20:00:00Z,https://www.rappi.com.mx,https://www.rappi.com.mx/search?query=McDonald%27s
rappi,"Av. Ermita Iztapalapa 1020, Iztapalapa, CDMX",periphery,Burger King,Whopper,103.64,49,10,41,15% off,available,2026-04-17T20:00:00Z,https://www.rappi.com.mx,https://www.rappi.com.mx/search?query=Burger%20King
rappi,"Av. Ermita Iztapalapa 1020, Iztapalapa, CDMX",periphery,Burger King,Combo Whopper,152.64,49,11,41,15% off,available,2026-04-17T20:00:00Z,https://www.rappi.com.mx,https://www.rappi.com.mx/search?query=Burger%20King
ubereats,"Av. Ermita Iztapalapa 1020, Iztapalapa, CDMX",periphery,McDonald's,Big Mac,97.94,39,9,38,20% off,available,2026-04-17T20:00:00Z,https://www.ubereats.com/mx,https://www.ubereats.com/mx/search?pl=eyJhZGRyZXNzIjoiQXYuIEVybWl0YSBJenRhcGFsYXBhIDEwMjAsIEl6dGFwYWxhcGEsIENETVgiLCJyZWZlcmVuY2UiOiJzYW1wbGVfcmVmZXJlbmNlIiwicmVmZXJlbmNlVHlwZSI6Imdvb2dsZV9wbGFjZXMiLCJsYXRpdHVkZSI6MTkuNDMyNjA4LCJsb25naXR1ZGUiOi05OS4xMzMyMDl9&q=McDonald%27s&sc=SEARCH_BAR&searchType=GLOBAL_SEARCH&vertical=ALL
ubereats,"Av. Ermita Iztapalapa 1020, Iztapalapa, CDMX",periphery,McDonald's,Combo Big Mac,147.9,39,10,38,,available,2026-04-17T20:00:00Z,https://www.ubereats.com/mx,https://www.ubereats.com/mx/search?pl=eyJhZGRyZXNzIjoiQXYuIEVybWl0YSBJenRhcGFsYXBhIDEwMjAsIEl6dGFwYWxhcGEsIENETVgiLCJyZWZlcmVuY2UiOiJzYW1wbGVfcmVmZXJlbmNlIiwicmVmZXJlbmNlVHlwZSI6Imdvb2dsZV9wbGFjZXMiLCJsYXRpdHVkZSI6MTkuNDMyNjA4LCJsb25naXR1ZGUiOi05OS4xMzMyMDl9&q=McDonald%27s&sc=SEARCH_BAR&searchType=GLOBAL_SEARCH&vertical=ALL
ubereats,"Av. Ermita Iztapalapa 1020, Iztapalapa, CDMX",periphery,Burger King,Whopper,105.73,39,9,38,20% off,available,2026-04-17T20:00:00Z,https://www.ubereats.com/mx,https://www.ubereats.com/mx/search?pl=eyJhZGRyZXNzIjoiQXYuIEVybWl0YSBJenRhcGFsYXBhIDEwMjAsIEl6dGFwYWxhcGEsIENETVgiLCJyZWZlcmVuY2UiOiJzYW1wbGVfcmVmZXJlbmNlIiwicmVmZXJlbmNlVHlwZSI6Imdvb2dsZV9wbGFjZXMiLCJsYXRpdHVkZSI6MTkuNDMyNjA4LCJsb25naXR1ZGUiOi05OS4xMzMyMDl9&q=Burger+King&sc=SEARCH_BAR&searchType=GLOBAL_SEARCH&vertical=ALL
ubereats,"Av. Ermita Iztapalapa 1020, Iztapalapa, CDMX",periphery,Burger King,Combo Whopper,155.69,39,10,38,20% off,available,2026-04-17T20:00:00Z,https://www.ubereats.com/mx,https://www.ubereats.com/mx/search?pl=eyJhZGRyZXNzIjoiQXYuIEVybWl0YSBJenRhcGFsYXBhIDEwMjAsIEl6dGFwYWxhcGEsIENETVgiLCJyZWZlcmVuY2UiOiJzYW1wbGVfcmVmZXJlbmNlIiwicmVmZXJlbmNlVHlwZSI6Imdvb2dsZV9wbGFjZXMiLCJsYXRpdHVkZSI6MTkuNDMyNjA4LCJsb25naXR1ZGUiOi05OS4xMzMyMDl9&q=Burger+King&sc=SEARCH_BAR&searchType=GLOBAL_SEARCH&vertical=ALL
didi,"Av. Ermita Iztapalapa 1020, Iztapalapa, CDMX",periphery,McDonald's,Big Mac,94.14,42,7,40,free delivery,available,2026-04-17T20:00:00Z,https://web.didiglobal.com/mx/food/,https://web.didiglobal.com/mx/food/
didi,"Av. Ermita Iztapalapa 1020, Iztapalapa, CDMX",periphery,McDonald's,Combo Big Mac,142.18,42,8,40,,available,2026-04-17T20:00:00Z,https://web.didiglobal.com/mx/food/,https://web.didiglobal.com/mx/food/
didi,"Av. Ermita Iztapalapa 1020, Iztapalapa, CDMX",periphery,Burger King,Whopper,101.55,42,7,40,free delivery,available,2026-04-17T20:00:00Z,https://web.didiglobal.com/mx/food/,https://web.didiglobal.com/mx/food/
didi,"Av. Ermita Iztapalapa 1020, Iztapalapa, CDMX",periphery,Burger King,Combo Whopper,149.59,42,8,40,free delivery,available,2026-04-17T20:00:00Z,https://web.didiglobal.com/mx/food/,https://web.didiglobal.com/mx/food/
rappi,"Av. Zaragoza 600, Iztapalapa, CDMX",periphery,McDonald's,Big Mac,97.04,47,10,37,,available,2026-04-17T20:00:00Z,https://www.rappi.com.mx,https://www.rappi.com.mx/search?query=McDonald%27s
rappi,"Av. Zaragoza 600, Iztapalapa, CDMX",periphery,McDonald's,Combo Big Mac,142.04,47,11,37,15% off,available,2026-04-17T20:00:00Z,https://www.rappi.com.mx,https://www.rappi.com.mx/search?query=McDonald%27s
rappi,"Av. Zaragoza 600, Iztapalapa, CDMX",periphery,Burger King,Whopper,104.64,47,10,37,15% off,available,2026-04-17T20:00:00Z,https://www.rappi.com.mx,https://www.rappi.com.mx/search?query=Burger%20King
rappi,"Av. Zaragoza 600, Iztapalapa, CDMX",periphery,Burger King,Combo Whopper,153.64,47,11,37,,available,2026-04-17T20:00:00Z,https://www.rappi.com.mx,https://www.rappi.com.mx/search?query=Burger%20King
ubereats,"Av. Zaragoza 600, Iztapalapa, CDMX",periphery,McDonald's,Big Mac,98.94,37,9,34,,available,2026-04-17T20:00:00Z,https://www.ubereats.com/mx,https://www.ubereats.com/mx/search?pl=eyJhZGRyZXNzIjoiQXYuIFphcmFnb3phIDYwMCwgSXp0YXBhbGFwYSwgQ0RNWCIsInJlZmVyZW5jZSI6InNhbXBsZV9yZWZlcmVuY2UiLCJyZWZlcmVuY2VUeXBlIjoiZ29vZ2xlX3BsYWNlcyIsImxhdGl0dWRlIjoxOS40MzI2MDgsImxvbmdpdHVkZSI6LTk5LjEzMzIwOX0%3D&q=McDonald%27s&sc=SEARCH_BAR&searchType=GLOBAL_SEARCH&vertical=ALL
ubereats,"Av. Zaragoza 600, Iztapalapa, CDMX",periphery,McDonald's,Combo Big Mac,144.9,37,10,34,20% off,available,2026-04-17T20:00:00Z,https://www.ubereats.com/mx,https://www.ubereats.com/mx/search?pl=eyJhZGRyZXNzIjoiQXYuIFphcmFnb3phIDYwMCwgSXp0YXBhbGFwYSwgQ0RNWCIsInJlZmVyZW5jZSI6InNhbXBsZV9yZWZlcmVuY2UiLCJyZWZlcmVuY2VUeXBlIjoiZ29vZ2xlX3BsYWNlcyIsImxhdGl0dWRlIjoxOS40MzI2MDgsImxvbmdpdHVkZSI6LTk5LjEzMzIwOX0%3D&q=McDonald%27s&sc=SEARCH_BAR&searchType=GLOBAL_SEARCH&vertical=ALL
ubereats,"Av. Zaragoza 600, Iztapalapa, CDMX",periphery,Burger King,Whopper,106.73,37,9,34,20% off,available,2026-04-17T20:00:00Z,https://www.ubereats.com/mx,https://www.ubereats.com/mx/search?pl=eyJhZGRyZXNzIjoiQXYuIFphcmFnb3phIDYwMCwgSXp0YXBhbGFwYSwgQ0RNWCIsInJlZmVyZW5jZSI6InNhbXBsZV9yZWZlcmVuY2UiLCJyZWZlcmVuY2VUeXBlIjoiZ29vZ2xlX3BsYWNlcyIsImxhdGl0dWRlIjoxOS40MzI2MDgsImxvbmdpdHVkZSI6LTk5LjEzMzIwOX0%3D&q=Burger+King&sc=SEARCH_BAR&searchType=GLOBAL_SEARCH&vertical=ALL
ubereats,"Av. Zaragoza 600, Iztapalapa, CDMX",periphery,Burger King,Combo Whopper,156.69,37,10,34,,available,2026-04-17T20:00:00Z,https://www.ubereats.com/mx,https://www.ubereats.com/mx/search?pl=eyJhZGRyZXNzIjoiQXYuIFphcmFnb3phIDYwMCwgSXp0YXBhbGFwYSwgQ0RNWCIsInJlZmVyZW5jZSI6InNhbXBsZV9yZWZlcmVuY2UiLCJyZWZlcmVuY2VUeXBlIjoiZ29vZ2xlX3BsYWNlcyIsImxhdGl0dWRlIjoxOS40MzI2MDgsImxvbmdpdHVkZSI6LTk5LjEzMzIwOX0%3D&q=Burger+King&sc=SEARCH_BAR&searchType=GLOBAL_SEARCH&vertical=ALL
didi,"Av. Zaragoza 600, Iztapalapa, CDMX",periphery,McDonald's,Big Mac,95.14,40,7,36,,available,2026-04-17T20:00:00Z,https://web.didiglobal.com/mx/food/,https://web.didiglobal.com/mx/food/
didi,"Av. Zaragoza 600, Iztapalapa, CDMX",periphery,McDonald's,Combo Big Mac,139.18,40,8,36,free delivery,available,2026-04-17T20:00:00Z,https://web.didiglobal.com/mx/food/,https://web.didiglobal.com/mx/food/
didi,"Av. Zaragoza 600, Iztapalapa, CDMX",periphery,Burger King,Whopper,102.55,40,7,36,free delivery,available,2026-04-17T20:00:00Z,https://web.didiglobal.com/mx/food/,https://web.didiglobal.com/mx/food/
didi,"Av. Zaragoza 600, Iztapalapa, CDMX",periphery,Burger King,Combo Whopper,150.59,40,8,36,,available,2026-04-17T20:00:00Z,https://web.didiglobal.com/mx/food/,https://web.didiglobal.com/mx/food/
rappi,"Av. Canal de Garay 50, Xochimilco, CDMX",periphery,McDonald's,Big Mac,94.04,48,10,38,15% off,available,2026-04-17T20:00:00Z,https://www.rappi.com.mx,https://www.rappi.com.mx/search?query=McDonald%27s
rappi,"Av. Canal de Garay 50, Xochimilco, CDMX",periphery,McDonald's,Combo Big Mac,143.04,48,11,38,15% off,available,2026-04-17T20:00:00Z,https://www.rappi.com.mx,https://www.rappi.com.mx/search?query=McDonald%27s
rappi,"Av. Canal de Garay 50, Xochimilco, CDMX",periphery,Burger King,Whopper,105.64,48,10,38,,available,2026-04-17T20:00:00Z,https://www.rappi.com.mx,https://www.rappi.com.mx/search?query=Burger%20King
rappi,"Av. Canal de Garay 50, Xochimilco, CDMX",periphery,Burger King,Combo Whopper,154.64,48,11,38,15% off,available,2026-04-17T20:00:00Z,https://www.rappi.com.mx,https://www.rappi.com.mx/search?query=Burger%20King
ubereats,"Av. Canal de Garay 50, Xochimilco, CDMX",periphery,McDonald's,Big Mac,95.94,38,9,35,20% off,available,2026-04-17T20:00:00Z,https://www.ubereats.com/mx,https://www.ubereats.com/mx/search?pl=eyJhZGRyZXNzIjoiQXYuIENhbmFsIGRlIEdhcmF5IDUwLCBYb2NoaW1pbGNvLCBDRE1YIiwicmVmZXJlbmNlIjoic2FtcGxlX3JlZmVyZW5jZSIsInJlZmVyZW5jZVR5cGUiOiJnb29nbGVfcGxhY2VzIiwibGF0aXR1ZGUiOjE5LjQzMjYwOCwibG9uZ2l0dWRlIjotOTkuMTMzMjA5fQ%3D%3D&q=McDonald%27s&sc=SEARCH_BAR&searchType=GLOBAL_SEARCH&vertical=ALL
ubereats,"Av. Canal de Garay 50, Xochimilco, CDMX",periphery,McDonald's,Combo Big Mac,145.9,38,10,35,20% off,available,2026-04-17T20:00:00Z,https://www.ubereats.com/mx,https://www.ubereats.com/mx/search?pl=eyJhZGRyZXNzIjoiQXYuIENhbmFsIGRlIEdhcmF5IDUwLCBYb2NoaW1pbGNvLCBDRE1YIiwicmVmZXJlbmNlIjoic2FtcGxlX3JlZmVyZW5jZSIsInJlZmVyZW5jZVR5cGUiOiJnb29nbGVfcGxhY2VzIiwibGF0aXR1ZGUiOjE5LjQzMjYwOCwibG9uZ2l0dWRlIjotOTkuMTMzMjA5fQ%3D%3D&q=McDonald%27s&sc=SEARCH_BAR&searchType=GLOBAL_SEARCH&vertical=ALL
ubereats,"Av. Canal de Garay 50, Xochimilco, CDMX",periphery,Burger King,Whopper,107.73,38,9,35,,available,2026-04-17T20:00:00Z,https://www.ubereats.com/mx,https://www.ubereats.com/mx/search?pl=eyJhZGRyZXNzIjoiQXYuIENhbmFsIGRlIEdhcmF5IDUwLCBYb2NoaW1pbGNvLCBDRE1YIiwicmVmZXJlbmNlIjoic2FtcGxlX3JlZmVyZW5jZSIsInJlZmVyZW5jZVR5cGUiOiJnb29nbGVfcGxhY2VzIiwibGF0aXR1ZGUiOjE5LjQzMjYwOCwibG9uZ2l0dWRlIjotOTkuMTMzMjA5fQ%3D%3D&q=Burger+King&sc=SEARCH_BAR&searchType=GLOBAL_SEARCH&vertical=ALL
ubereats,"Av. Canal de Garay 50, Xochimilco, CDMX",periphery,Burger King,Combo Whopper,157.69,38,10,35,20% off,available,2026-04-17T20:00:00Z,https://www.ubereats.com/mx,https://www.ubereats.com/mx/search?pl=eyJhZGRyZXNzIjoiQXYuIENhbmFsIGRlIEdhcmF5IDUwLCBYb2NoaW1pbGNvLCBDRE1YIiwicmVmZXJlbmNlIjoic2FtcGxlX3JlZmVyZW5jZSIsInJlZmVyZW5jZVR5cGUiOiJnb29nbGVfcGxhY2VzIiwibGF0aXR1ZGUiOjE5LjQzMjYwOCwibG9uZ2l0dWRlIjotOTkuMTMzMjA5fQ%3D%3D&q=Burger+King&sc=SEARCH_BAR&searchType=GLOBAL_SEARCH&vertical=ALL
didi,"Av. Canal de Garay 50, Xochimilco, CDMX",periphery,McDonald's,Big Mac,92.14,41,7,37,free delivery,available,2026-04-17T20:00:00Z,https://web.didiglobal.com/mx/food/,https://web.didiglobal.com/mx/food/
didi,"Av. Canal de Garay 50, Xochimilco, CDMX",periphery,McDonald's,Combo Big Mac,140.18,41,8,37,free delivery,available,2026-04-17T20:00:00Z,https://web.didiglobal.com/mx/food/,https://web.didiglobal.com/mx/food/
didi,"Av. Canal de Garay 50, Xochimilco, CDMX",periphery,Burger King,Whopper,103.55,41,7,37,,available,2026-04-17T20:00:00Z,https://web.didiglobal.com/mx/food/,https://web.didiglobal.com/mx/food/
didi,"Av. Canal de Garay 50, Xochimilco, CDMX",periphery,Burger King,Combo Whopper,151.59,41,8,37,free delivery,available,2026-04-17T20:00:00Z,https://web.didiglobal.com/mx/food/,https://web.didiglobal.com/mx/food/
rappi,"Calzada de Tlalpan 2800, Xochimilco, CDMX",periphery,McDonald's,Big Mac,95.04,49,10,39,15% off,available,2026-04-17T20:00:00Z,https://www.rappi.com.mx,https://www.rappi.com.mx/search?query=McDonald%27s
rappi,"Calzada de Tlalpan 2800, Xochimilco, CDMX",periphery,McDonald's,Combo Big Mac,144.04,49,11,39,,available,2026-04-17T20:00:00Z,https://www.rappi.com.mx,https://www.rappi.com.mx/search?query=McDonald%27s
rappi,"Calzada de Tlalpan 2800, Xochimilco, CDMX",periphery,Burger King,Whopper,106.64,49,10,39,15% off,available,2026-04-17T20:00:00Z,https://www.rappi.com.mx,https://www.rappi.com.mx/search?query=Burger%20King
rappi,"Calzada de Tlalpan 2800, Xochimilco, CDMX",periphery,Burger King,Combo Whopper,151.64,49,11,39,15% off,available,2026-04-17T20:00:00Z,https://www.rappi.com.mx,https://www.rappi.com.mx/search?query=Burger%20King
ubereats,"Calzada de Tlalpan 2800, Xochimilco, CDMX",periphery,McDonald's,Big Mac,96.94,39,9,36,20% off,available,2026-04-17T20:00:00Z,https://www.ubereats.com/mx,https://www.ubereats.com/mx/search?pl=eyJhZGRyZXNzIjoiQ2FsemFkYSBkZSBUbGFscGFuIDI4MDAsIFhvY2hpbWlsY28sIENETVgiLCJyZWZlcmVuY2UiOiJzYW1wbGVfcmVmZXJlbmNlIiwicmVmZXJlbmNlVHlwZSI6Imdvb2dsZV9wbGFjZXMiLCJsYXRpdHVkZSI6MTkuNDMyNjA4LCJsb25naXR1ZGUiOi05OS4xMzMyMDl9&q=McDonald%27s&sc=SEARCH_BAR&searchType=GLOBAL_SEARCH&vertical=ALL
ubereats,"Calzada de Tlalpan 2800, Xochimilco, CDMX",periphery,McDonald's,Combo Big Mac,146.9,39,10,36,,available,2026-04-17T20:00:00Z,https://www.ubereats.com/mx,https://www.ubereats.com/mx/search?pl=eyJhZGRyZXNzIjoiQ2FsemFkYSBkZSBUbGFscGFuIDI4MDAsIFhvY2hpbWlsY28sIENETVgiLCJyZWZlcmVuY2UiOiJzYW1wbGVfcmVmZXJlbmNlIiwicmVmZXJlbmNlVHlwZSI6Imdvb2dsZV9wbGFjZXMiLCJsYXRpdHVkZSI6MTkuNDMyNjA4LCJsb25naXR1ZGUiOi05OS4xMzMyMDl9&q=McDonald%27s&sc=SEARCH_BAR&searchType=GLOBAL_SEARCH&vertical=ALL
ubereats,"Calzada de Tlalpan 2800, Xochimilco, CDMX",periphery,Burger King,Whopper,108.73,39,9,36,20% off,available,2026-04-17T20:00:00Z,https://www.ubereats.com/mx,https://www.ubereats.com/mx/search?pl=eyJhZGRyZXNzIjoiQ2FsemFkYSBkZSBUbGFscGFuIDI4MDAsIFhvY2hpbWlsY28sIENETVgiLCJyZWZlcmVuY2UiOiJzYW1wbGVfcmVmZXJlbmNlIiwicmVmZXJlbmNlVHlwZSI6Imdvb2dsZV9wbGFjZXMiLCJsYXRpdHVkZSI6MTkuNDMyNjA4LCJsb25naXR1ZGUiOi05OS4xMzMyMDl9&q=Burger+King&sc=SEARCH_BAR&searchType=GLOBAL_SEARCH&vertical=ALL
ubereats,"Calzada de Tlalpan 2800, Xochimilco, CDMX",periphery,Burger King,Combo Whopper,154.69,39,10,36,20% off,available,2026-04-17T20:00:00Z,https://www.ubereats.com/mx,https://www.ubereats.com/mx/search?pl=eyJhZGRyZXNzIjoiQ2FsemFkYSBkZSBUbGFscGFuIDI4MDAsIFhvY2hpbWlsY28sIENETVgiLCJyZWZlcmVuY2UiOiJzYW1wbGVfcmVmZXJlbmNlIiwicmVmZXJlbmNlVHlwZSI6Imdvb2dsZV9wbGFjZXMiLCJsYXRpdHVkZSI6MTkuNDMyNjA4LCJsb25naXR1ZGUiOi05OS4xMzMyMDl9&q=Burger+King&sc=SEARCH_BAR&searchType=GLOBAL_SEARCH&vertical=ALL
didi,"Calzada de Tlalpan 2800, Xochimilco, CDMX",periphery,McDonald's,Big Mac,93.14,42,7,38,free delivery,closed,2026-04-17T20:00:00Z,https://web.didiglobal.com/mx/food/,https://web.didiglobal.com/mx/food/
didi,"Calzada de Tlalpan 2800, Xochimilco, CDMX",periphery,McDonald's,Combo Big Mac,141.18,42,8,38,,closed,2026-04-17T20:00:00Z,https://web.didiglobal.com/mx/food/,https://web.didiglobal.com/mx/food/
didi,"Calzada de Tlalpan 2800, Xochimilco, CDMX",periphery,Burger King,Whopper,104.55,42,7,38,free delivery,closed,2026-04-17T20:00:00Z,https://web.didiglobal.com/mx/food/,https://web.didiglobal.com/mx/food/
didi,"Calzada de Tlalpan 2800, Xochimilco, CDMX",periphery,Burger King,Combo Whopper,148.59,42,8,38,free delivery,closed,2026-04-17T20:00:00Z,https://web.didiglobal.com/mx/food/,https://web.didiglobal.com/mx/food/
rappi,"Av. Texcoco 45, Venustiano Carranza, CDMX",periphery,McDonald's,Big Mac,96.04,47,10,40,,available,2026-04-17T20:00:00Z,https://www.rappi.com.mx,https://www.rappi.com.mx/search?query=McDonald%27s
rappi,"Av. Texcoco 45, Venustiano Carranza, CDMX",periphery,McDonald's,Combo Big Mac,145.04,47,11,40,15% off,available,2026-04-17T20:00:00Z,https://www.rappi.com.mx,https://www.rappi.com.mx/search?query=McDonald%27s
rappi,"Av. Texcoco 45, Venustiano Carranza, CDMX",periphery,Burger King,Whopper,103.64,47,10,40,15% off,available,2026-04-17T20:00:00Z,https://www.rappi.com.mx,https://www.rappi.com.mx/search?query=Burger%20King
rappi,"Av. Texcoco 45, Venustiano Carranza, CDMX",periphery,Burger King,Combo Whopper,152.64,47,11,40,,available,2026-04-17T20:00:00Z,https://www.rappi.com.mx,https://www.rappi.com.mx/search?query=Burger%20King
ubereats,"Av. Texcoco 45, Venustiano Carranza, CDMX",periphery,McDonald's,Big Mac,97.94,37,9,37,,available,2026-04-17T20:00:00Z,https://www.ubereats.com/mx,https://www.ubereats.com/mx/search?pl=eyJhZGRyZXNzIjoiQXYuIFRleGNvY28gNDUsIFZlbnVzdGlhbm8gQ2FycmFuemEsIENETVgiLCJyZWZlcmVuY2UiOiJzYW1wbGVfcmVmZXJlbmNlIiwicmVmZXJlbmNlVHlwZSI6Imdvb2dsZV9wbGFjZXMiLCJsYXRpdHVkZSI6MTkuNDMyNjA4LCJsb25naXR1ZGUiOi05OS4xMzMyMDl9&q=McDonald%27s&sc=SEARCH_BAR&searchType=GLOBAL_SEARCH&vertical=ALL
ubereats,"Av. Texcoco 45, Venustiano Carranza, CDMX",periphery,McDonald's,Combo Big Mac,147.9,37,10,37,20% off,available,2026-04-17T20:00:00Z,https://www.ubereats.com/mx,https://www.ubereats.com/mx/search?pl=eyJhZGRyZXNzIjoiQXYuIFRleGNvY28gNDUsIFZlbnVzdGlhbm8gQ2FycmFuemEsIENETVgiLCJyZWZlcmVuY2UiOiJzYW1wbGVfcmVmZXJlbmNlIiwicmVmZXJlbmNlVHlwZSI6Imdvb2dsZV9wbGFjZXMiLCJsYXRpdHVkZSI6MTkuNDMyNjA4LCJsb25naXR1ZGUiOi05OS4xMzMyMDl9&q=McDonald%27s&sc=SEARCH_BAR&searchType=GLOBAL_SEARCH&vertical=ALL
ubereats,"Av. Texcoco 45, Venustiano Carranza, CDMX",periphery,Burger King,Whopper,105.73,37,9,37,20% off,available,2026-04-17T20:00:00Z,https://www.ubereats.com/mx,https://www.ubereats.com/mx/search?pl=eyJhZGRyZXNzIjoiQXYuIFRleGNvY28gNDUsIFZlbnVzdGlhbm8gQ2FycmFuemEsIENETVgiLCJyZWZlcmVuY2UiOiJzYW1wbGVfcmVmZXJlbmNlIiwicmVmZXJlbmNlVHlwZSI6Imdvb2dsZV9wbGFjZXMiLCJsYXRpdHVkZSI6MTkuNDMyNjA4LCJsb25naXR1ZGUiOi05OS4xMzMyMDl9&q=Burger+King&sc=SEARCH_BAR&searchType=GLOBAL_SEARCH&vertical=ALL
ubereats,"Av. Texcoco 45, Venustiano Carranza, CDMX",periphery,Burger King,Combo Whopper,155.69,37,10,37,,available,2026-04-17T20:00:00Z,https://www.ubereats.com/mx,https://www.ubereats.com/mx/search?pl=eyJhZGRyZXNzIjoiQXYuIFRleGNvY28gNDUsIFZlbnVzdGlhbm8gQ2FycmFuemEsIENETVgiLCJyZWZlcmVuY2UiOiJzYW1wbGVfcmVmZXJlbmNlIiwicmVmZXJlbmNlVHlwZSI6Imdvb2dsZV9wbGFjZXMiLCJsYXRpdHVkZSI6MTkuNDMyNjA4LCJsb25naXR1ZGUiOi05OS4xMzMyMDl9&q=Burger+King&sc=SEARCH_BAR&searchType=GLOBAL_SEARCH&vertical=ALL
didi,"Av. Texcoco 45, Venustiano Carranza, CDMX",periphery,McDonald's,Big Mac,94.14,40,7,39,,available,2026-04-17T20:00:00Z,https://web.didiglobal.com/mx/food/,https://web.didiglobal.com/mx/food/
didi,"Av. Texcoco 45, Venustiano Carranza, CDMX",periphery,McDonald's,Combo Big Mac,142.18,40,8,39,free delivery,available,2026-04-17T20:00:00Z,https://web.didiglobal.com/mx/food/,https://web.didiglobal.com/mx/food/
didi,"Av. Texcoco 45, Venustiano Carranza, CDMX",periphery,Burger King,Whopper,101.55,40,7,39,free delivery,available,2026-04-17T20:00:00Z,https://web.didiglobal.com/mx/food/,https://web.didiglobal.com/mx/food/
didi,"Av. Texcoco 45, Venustiano Carranza, CDMX",periphery,Burger King,Combo Whopper,149.59,40,8,39,,available,2026-04-17T20:00:00Z,https://web.didiglobal.com/mx/food/,https://web.didiglobal.com/mx/food/
rappi,"Av. Vallejo 880, Gustavo A. Madero, CDMX",periphery,McDonald's,Big Mac,97.04,48,10,41,15% off,available,2026-04-17T20:00:00Z,https://www.rappi.com.mx,https://www.rappi.com.mx/search?query=McDonald%27s
rappi,"Av. Vallejo 880, Gustavo A. Madero, CDMX",periphery,McDonald's,Combo Big Mac,142.04,48,11,41,15% off,available,2026-04-17T20:00:00Z,https://www.rappi.com.mx,https://www.rappi.com.mx/search?query=McDonald%27s
rappi,"Av. Vallejo 880, Gustavo A. Madero, CDMX",periphery,Burger King,Whopper,104.64,48,10,41,,available,2026-04-17T20:00:00Z,https://www.rappi.com.mx,https://www.rappi.com.mx/search?query=Burger%20King
rappi,"Av. Vallejo 880, Gustavo A. Madero, CDMX",periphery,Burger King,Combo Whopper,153.64,48,11,41,15% off,available,2026-04-17T20:00:00Z,https://www.rappi.com.mx,https://www.rappi.com.mx/search?query=Burger%20King
ubereats,"Av. Vallejo 880, Gustavo A. Madero, CDMX",periphery,McDonald's,Big Mac,98.94,38,9,38,20% off,available,2026-04-17T20:00:00Z,https://www.ubereats.com/mx,https://www.ubereats.com/mx/search?pl=eyJhZGRyZXNzIjoiQXYuIFZhbGxlam8gODgwLCBHdXN0YXZvIEEuIE1hZGVybywgQ0RNWCIsInJlZmVyZW5jZSI6InNhbXBsZV9yZWZlcmVuY2UiLCJyZWZlcmVuY2VUeXBlIjoiZ29vZ2xlX3BsYWNlcyIsImxhdGl0dWRlIjoxOS40MzI2MDgsImxvbmdpdHVkZSI6LTk5LjEzMzIwOX0%3D&q=McDonald%27s&sc=SEARCH_BAR&searchType=GLOBAL_SEARCH&vertical=ALL
ubereats,"Av. Vallejo 880, Gustavo A. Madero, CDMX",periphery,McDonald's,Combo Big Mac,144.9,38,10,38,20% off,available,2026-04-17T20:00:00Z,https://www.ubereats.com/mx,https://www.ubereats.com/mx/search?pl=eyJhZGRyZXNzIjoiQXYuIFZhbGxlam8gODgwLCBHdXN0YXZvIEEuIE1hZGVybywgQ0RNWCIsInJlZmVyZW5jZSI6InNhbXBsZV9yZWZlcmVuY2UiLCJyZWZlcmVuY2VUeXBlIjoiZ29vZ2xlX3BsYWNlcyIsImxhdGl0dWRlIjoxOS40MzI2MDgsImxvbmdpdHVkZSI6LTk5LjEzMzIwOX0%3D&q=McDonald%27s&sc=SEARCH_BAR&searchType=GLOBAL_SEARCH&vertical=ALL
ubereats,"Av. Vallejo 880, Gustavo A. Madero, CDMX",periphery,Burger King,Whopper,106.73,38,9,38,,available,2026-04-17T20:00:00Z,https://www.ubereats.com/mx,https://www.ubereats.com/mx/search?pl=eyJhZGRyZXNzIjoiQXYuIFZhbGxlam8gODgwLCBHdXN0YXZvIEEuIE1hZGVybywgQ0RNWCIsInJlZmVyZW5jZSI6InNhbXBsZV9yZWZlcmVuY2UiLCJyZWZlcmVuY2VUeXBlIjoiZ29vZ2xlX3BsYWNlcyIsImxhdGl0dWRlIjoxOS40MzI2MDgsImxvbmdpdHVkZSI6LTk5LjEzMzIwOX0%3D&q=Burger+King&sc=SEARCH_BAR&searchType=GLOBAL_SEARCH&vertical=ALL
ubereats,"Av. Vallejo 880, Gustavo A. Madero, CDMX",periphery,Burger King,Combo Whopper,156.69,38,10,38,20% off,available,2026-04-17T20:00:00Z,https://www.ubereats.com/mx,https://www.ubereats.com/mx/search?pl=eyJhZGRyZXNzIjoiQXYuIFZhbGxlam8gODgwLCBHdXN0YXZvIEEuIE1hZGVybywgQ0RNWCIsInJlZmVyZW5jZSI6InNhbXBsZV9yZWZlcmVuY2UiLCJyZWZlcmVuY2VUeXBlIjoiZ29vZ2xlX3BsYWNlcyIsImxhdGl0dWRlIjoxOS40MzI2MDgsImxvbmdpdHVkZSI6LTk5LjEzMzIwOX0%3D&q=Burger+King&sc=SEARCH_BAR&searchType=GLOBAL_SEARCH&vertical=ALL
didi,"Av. Vallejo 880, Gustavo A. Madero, CDMX",periphery,McDonald's,Big Mac,95.14,41,7,40,free delivery,closed,2026-04-17T20:00:00Z,https://web.didiglobal.com/mx/food/,https://web.didiglobal.com/mx/food/
didi,"Av. Vallejo 880, Gustavo A. Madero, CDMX",periphery,McDonald's,Combo Big Mac,139.18,41,8,40,free delivery,closed,2026-04-17T20:00:00Z,https://web.didiglobal.com/mx/food/,https://web.didiglobal.com/mx/food/
didi,"Av. Vallejo 880, Gustavo A. Madero, CDMX",periphery,Burger King,Whopper,102.55,41,7,40,,closed,2026-04-17T20:00:00Z,https://web.didiglobal.com/mx/food/,https://web.didiglobal.com/mx/food/
didi,"Av. Vallejo 880, Gustavo A. Madero, CDMX",periphery,Burger King,Combo Whopper,150.59,41,8,40,free delivery,closed,2026-04-17T20:00:00Z,https://web.didiglobal.com/mx/food/,https://web.didiglobal.com/mx/food/
